image_path,image_resized_path,annotation_path,class_name,xmin,ymin,xmax,ymax,xmin_norm,ymin_norm,xmax_norm,ymax_norm,width,height
datasets/kaggle_foreign/images/Cars207.png,images_resized/Cars207.png,datasets/kaggle_foreign/annotations/Cars207.xml,licence,254,229,372,264,0.635,0.4790794979079498,0.93,0.5523012552301255,400,478
datasets/kaggle_foreign/images/Cars213.png,images_resized/Cars213.png,datasets/kaggle_foreign/annotations/Cars213.xml,licence,150,160,233,194,0.375,0.5333333333333333,0.5825,0.6466666666666666,400,300
datasets/kaggle_foreign/images/Cars53.png,images_resized/Cars53.png,datasets/kaggle_foreign/annotations/Cars53.xml,licence,146,187,260,213,0.365,0.6493055555555556,0.65,0.7395833333333334,400,288
datasets/kaggle_foreign/images/Cars47.png,images_resized/Cars47.png,datasets/kaggle_foreign/annotations/Cars47.xml,licence,6,143,48,161,0.015,0.4766666666666667,0.12,0.5366666666666666,400,300
datasets/kaggle_foreign/images/Cars90.png,images_resized/Cars90.png,datasets/kaggle_foreign/annotations/Cars90.xml,licence,77,204,101,225,0.1925,0.68,0.2525,0.75,400,300
datasets/kaggle_foreign/images/Cars159.png,images_resized/Cars159.png,datasets/kaggle_foreign/annotations/Cars159.xml,licence,149,184,261,211,0.3725,0.5542168674698795,0.6525,0.6355421686746988,400,332
datasets/kaggle_foreign/images/Cars84.png,images_resized/Cars84.png,datasets/kaggle_foreign/annotations/Cars84.xml,licence,167,201,238,220,0.4175,0.67,0.595,0.7333333333333333,400,300
datasets/kaggle_foreign/images/Cars171.png,images_resized/Cars171.png,datasets/kaggle_foreign/annotations/Cars171.xml,licence,192,146,242,167,0.48,0.5447761194029851,0.605,0.6231343283582089,400,268
datasets/kaggle_foreign/images/Cars165.png,images_resized/Cars165.png,datasets/kaggle_foreign/annotations/Cars165.xml,licence,209,217,293,254,0.35423728813559324,0.6326530612244898,0.4966101694915254,0.7405247813411079,590,343
datasets/kaggle_foreign/images/Cars398.png,images_resized/Cars398.png,datasets/kaggle_foreign/annotations/Cars398.xml,licence,72,139,196,222,0.18,0.4633333333333333,0.49,0.74,400,300
datasets/kaggle_foreign/images/Cars429.png,images_resized/Cars429.png,datasets/kaggle_foreign/annotations/Cars429.xml,licence,86,166,208,195,0.2857142857142857,0.415,0.6910299003322259,0.4875,301,400
datasets/kaggle_foreign/images/Cars373.png,images_resized/Cars373.png,datasets/kaggle_foreign/annotations/Cars373.xml,licence,161,132,264,157,0.4025,0.5866666666666667,0.66,0.6977777777777778,400,225
datasets/kaggle_foreign/images/Cars415.png,images_resized/Cars415.png,datasets/kaggle_foreign/annotations/Cars415.xml,licence,133,157,261,192,0.3325,0.5233333333333333,0.6525,0.64,400,300
datasets/kaggle_foreign/images/Cars401.png,images_resized/Cars401.png,datasets/kaggle_foreign/annotations/Cars401.xml,licence,158,223,238,240,0.395,0.7433333333333333,0.595,0.8,400,300
datasets/kaggle_foreign/images/Cars367.png,images_resized/Cars367.png,datasets/kaggle_foreign/annotations/Cars367.xml,licence,224,161,382,222,0.49777777777777776,0.5384615384615384,0.8488888888888889,0.7424749163879598,450,299
datasets/kaggle_foreign/images/Cars400.png,images_resized/Cars400.png,datasets/kaggle_foreign/annotations/Cars400.xml,licence,303,191,340,217,0.7575,0.7153558052434457,0.85,0.8127340823970037,400,267
datasets/kaggle_foreign/images/Cars366.png,images_resized/Cars366.png,datasets/kaggle_foreign/annotations/Cars366.xml,licence,144,112,316,160,0.3057324840764331,0.4148148148148148,0.6709129511677282,0.5925925925925926,471,270
datasets/kaggle_foreign/images/Cars372.png,images_resized/Cars372.png,datasets/kaggle_foreign/annotations/Cars372.xml,licence,221,275,353,309,0.39464285714285713,0.6547619047619048,0.6303571428571428,0.7357142857142858,560,420
datasets/kaggle_foreign/images/Cars414.png,images_resized/Cars414.png,datasets/kaggle_foreign/annotations/Cars414.xml,licence,269,206,309,228,0.6725,0.7715355805243446,0.7725,0.8539325842696629,400,267
datasets/kaggle_foreign/images/Cars428.png,images_resized/Cars428.png,datasets/kaggle_foreign/annotations/Cars428.xml,licence,142,128,258,157,0.355,0.5688888888888889,0.645,0.6977777777777778,400,225
datasets/kaggle_foreign/images/Cars399.png,images_resized/Cars399.png,datasets/kaggle_foreign/annotations/Cars399.xml,licence,106,62,309,161,0.265,0.27555555555555555,0.7725,0.7155555555555555,400,225
datasets/kaggle_foreign/images/Cars164.png,images_resized/Cars164.png,datasets/kaggle_foreign/annotations/Cars164.xml,licence,160,144,239,183,0.4,0.5373134328358209,0.5975,0.6828358208955224,400,268
datasets/kaggle_foreign/images/Cars170.png,images_resized/Cars170.png,datasets/kaggle_foreign/annotations/Cars170.xml,licence,318,190,346,224,0.636,0.5205479452054794,0.692,0.6136986301369863,500,365
datasets/kaggle_foreign/images/Cars85.png,images_resized/Cars85.png,datasets/kaggle_foreign/annotations/Cars85.xml,licence,86,218,146,235,0.215,0.8164794007490637,0.365,0.8801498127340824,400,267
datasets/kaggle_foreign/images/Cars85.png,images_resized/Cars85.png,datasets/kaggle_foreign/annotations/Cars85.xml,licence,313,129,358,141,0.7825,0.48314606741573035,0.895,0.5280898876404494,400,267
datasets/kaggle_foreign/images/Cars158.png,images_resized/Cars158.png,datasets/kaggle_foreign/annotations/Cars158.xml,licence,97,118,296,210,0.2425,0.3933333333333333,0.74,0.7,400,300
datasets/kaggle_foreign/images/Cars91.png,images_resized/Cars91.png,datasets/kaggle_foreign/annotations/Cars91.xml,licence,269,170,317,189,0.6725,0.6719367588932806,0.7925,0.7470355731225297,400,253
datasets/kaggle_foreign/images/Cars46.png,images_resized/Cars46.png,datasets/kaggle_foreign/annotations/Cars46.xml,licence,189,193,352,248,0.4725,0.546742209631728,0.88,0.7025495750708215,400,353
datasets/kaggle_foreign/images/Cars52.png,images_resized/Cars52.png,datasets/kaggle_foreign/annotations/Cars52.xml,licence,226,181,327,210,0.565,0.6033333333333334,0.8175,0.7,400,300
datasets/kaggle_foreign/images/Cars212.png,images_resized/Cars212.png,datasets/kaggle_foreign/annotations/Cars212.xml,licence,105,94,290,141,0.2625,0.31333333333333335,0.725,0.47,400,300
datasets/kaggle_foreign/images/Cars206.png,images_resized/Cars206.png,datasets/kaggle_foreign/annotations/Cars206.xml,licence,95,185,164,206,0.2375,0.6166666666666667,0.41,0.6866666666666666,400,300
datasets/kaggle_foreign/images/Cars238.png,images_resized/Cars238.png,datasets/kaggle_foreign/annotations/Cars238.xml,licence,276,186,396,273,0.46,0.465,0.66,0.6825,600,400
datasets/kaggle_foreign/images/Cars210.png,images_resized/Cars210.png,datasets/kaggle_foreign/annotations/Cars210.xml,licence,54,90,315,159,0.135,0.3383458646616541,0.7875,0.5977443609022557,400,266
datasets/kaggle_foreign/images/Cars204.png,images_resized/Cars204.png,datasets/kaggle_foreign/annotations/Cars204.xml,licence,193,145,279,187,0.386,0.38666666666666666,0.558,0.49866666666666665,500,375
datasets/kaggle_foreign/images/Cars199.png,images_resized/Cars199.png,datasets/kaggle_foreign/annotations/Cars199.xml,licence,59,88,310,158,0.1475,0.3308270676691729,0.775,0.5939849624060151,400,266
datasets/kaggle_foreign/images/Cars44.png,images_resized/Cars44.png,datasets/kaggle_foreign/annotations/Cars44.xml,licence,18,153,430,271,0.040632054176072234,0.4608433734939759,0.9706546275395034,0.8162650602409639,443,332
datasets/kaggle_foreign/images/Cars50.png,images_resized/Cars50.png,datasets/kaggle_foreign/annotations/Cars50.xml,licence,116,55,525,262,0.19661016949152543,0.15714285714285714,0.8898305084745762,0.7485714285714286,590,350
datasets/kaggle_foreign/images/Cars78.png,images_resized/Cars78.png,datasets/kaggle_foreign/annotations/Cars78.xml,licence,149,210,249,239,0.3725,0.7,0.6225,0.7966666666666666,400,300
datasets/kaggle_foreign/images/Cars87.png,images_resized/Cars87.png,datasets/kaggle_foreign/annotations/Cars87.xml,licence,3,205,45,220,0.0075,0.7068965517241379,0.1125,0.7586206896551724,400,290
datasets/kaggle_foreign/images/Cars87.png,images_resized/Cars87.png,datasets/kaggle_foreign/annotations/Cars87.xml,licence,345,168,365,177,0.8625,0.5793103448275863,0.9125,0.6103448275862069,400,290
datasets/kaggle_foreign/images/Cars93.png,images_resized/Cars93.png,datasets/kaggle_foreign/annotations/Cars93.xml,licence,347,122,367,132,0.8675,0.4860557768924303,0.9175,0.5258964143426295,400,251
datasets/kaggle_foreign/images/Cars166.png,images_resized/Cars166.png,datasets/kaggle_foreign/annotations/Cars166.xml,licence,148,123,201,150,0.49333333333333335,0.3075,0.67,0.375,300,400
datasets/kaggle_foreign/images/Cars172.png,images_resized/Cars172.png,datasets/kaggle_foreign/annotations/Cars172.xml,licence,173,209,301,239,0.3785557986870897,0.495260663507109,0.6586433260393874,0.566350710900474,457,422
datasets/kaggle_foreign/images/Cars358.png,images_resized/Cars358.png,datasets/kaggle_foreign/annotations/Cars358.xml,licence,44,94,107,107,0.11,0.47,0.2675,0.535,400,200
datasets/kaggle_foreign/images/Cars358.png,images_resized/Cars358.png,datasets/kaggle_foreign/annotations/Cars358.xml,licence,296,122,358,135,0.74,0.61,0.895,0.675,400,200
datasets/kaggle_foreign/images/Cars364.png,images_resized/Cars364.png,datasets/kaggle_foreign/annotations/Cars364.xml,licence,61,140,115,167,0.1525,0.5785123966942148,0.2875,0.6900826446280992,400,242
datasets/kaggle_foreign/images/Cars402.png,images_resized/Cars402.png,datasets/kaggle_foreign/annotations/Cars402.xml,licence,360,165,438,181,0.8,0.6111111111111112,0.9733333333333334,0.6703703703703704,450,270
datasets/kaggle_foreign/images/Cars416.png,images_resized/Cars416.png,datasets/kaggle_foreign/annotations/Cars416.xml,licence,150,207,234,221,0.375,0.69,0.585,0.7366666666666667,400,300
datasets/kaggle_foreign/images/Cars370.png,images_resized/Cars370.png,datasets/kaggle_foreign/annotations/Cars370.xml,licence,285,249,425,276,0.6551724137931034,0.8586206896551725,0.9770114942528736,0.9517241379310345,435,290
datasets/kaggle_foreign/images/Cars417.png,images_resized/Cars417.png,datasets/kaggle_foreign/annotations/Cars417.xml,licence,90,145,273,196,0.225,0.4915254237288136,0.6825,0.6644067796610169,400,295
datasets/kaggle_foreign/images/Cars371.png,images_resized/Cars371.png,datasets/kaggle_foreign/annotations/Cars371.xml,licence,313,135,371,150,0.7825,0.7105263157894737,0.9275,0.7894736842105263,400,190
datasets/kaggle_foreign/images/Cars365.png,images_resized/Cars365.png,datasets/kaggle_foreign/annotations/Cars365.xml,licence,293,205,373,226,0.48833333333333334,0.5137844611528822,0.6216666666666667,0.5664160401002506,600,399
datasets/kaggle_foreign/images/Cars403.png,images_resized/Cars403.png,datasets/kaggle_foreign/annotations/Cars403.xml,licence,296,189,332,209,0.74,0.590625,0.83,0.653125,400,320
datasets/kaggle_foreign/images/Cars403.png,images_resized/Cars403.png,datasets/kaggle_foreign/annotations/Cars403.xml,licence,23,173,54,192,0.0575,0.540625,0.135,0.6,400,320
datasets/kaggle_foreign/images/Cars359.png,images_resized/Cars359.png,datasets/kaggle_foreign/annotations/Cars359.xml,licence,228,228,266,240,0.57,0.8028169014084507,0.665,0.8450704225352113,400,284
datasets/kaggle_foreign/images/Cars173.png,images_resized/Cars173.png,datasets/kaggle_foreign/annotations/Cars173.xml,licence,170,118,252,163,0.425,0.5221238938053098,0.63,0.7212389380530974,400,226
datasets/kaggle_foreign/images/Cars167.png,images_resized/Cars167.png,datasets/kaggle_foreign/annotations/Cars167.xml,licence,176,254,327,285,0.352,0.635,0.654,0.7125,500,400
datasets/kaggle_foreign/images/Cars92.png,images_resized/Cars92.png,datasets/kaggle_foreign/annotations/Cars92.xml,licence,281,185,393,271,0.4683333333333333,0.4625,0.655,0.6775,600,400
datasets/kaggle_foreign/images/Cars86.png,images_resized/Cars86.png,datasets/kaggle_foreign/annotations/Cars86.xml,licence,332,176,447,204,0.5665529010238908,0.5317220543806647,0.7627986348122867,0.6163141993957704,586,331
datasets/kaggle_foreign/images/Cars79.png,images_resized/Cars79.png,datasets/kaggle_foreign/annotations/Cars79.xml,licence,238,363,350,422,0.39666666666666667,0.6836158192090396,0.5833333333333334,0.7947269303201506,600,531
datasets/kaggle_foreign/images/Cars51.png,images_resized/Cars51.png,datasets/kaggle_foreign/annotations/Cars51.xml,licence,264,141,318,162,0.66,0.5300751879699248,0.795,0.6090225563909775,400,266
datasets/kaggle_foreign/images/Cars45.png,images_resized/Cars45.png,datasets/kaggle_foreign/annotations/Cars45.xml,licence,204,103,280,175,0.51,0.4103585657370518,0.7,0.6972111553784861,400,251
datasets/kaggle_foreign/images/Cars198.png,images_resized/Cars198.png,datasets/kaggle_foreign/annotations/Cars198.xml,licence,166,225,273,246,0.3755656108597285,0.6756756756756757,0.6176470588235294,0.7387387387387387,442,333
datasets/kaggle_foreign/images/Cars205.png,images_resized/Cars205.png,datasets/kaggle_foreign/annotations/Cars205.xml,licence,156,162,221,199,0.39097744360902253,0.405,0.5538847117794486,0.4975,399,400
datasets/kaggle_foreign/images/Cars211.png,images_resized/Cars211.png,datasets/kaggle_foreign/annotations/Cars211.xml,licence,28,64,387,235,0.07,0.21694915254237288,0.9675,0.7966101694915254,400,295
datasets/kaggle_foreign/images/Cars239.png,images_resized/Cars239.png,datasets/kaggle_foreign/annotations/Cars239.xml,licence,176,254,326,284,0.352,0.635,0.652,0.71,500,400
datasets/kaggle_foreign/images/Cars215.png,images_resized/Cars215.png,datasets/kaggle_foreign/annotations/Cars215.xml,licence,92,105,162,123,0.23,0.4666666666666667,0.405,0.5466666666666666,400,225
datasets/kaggle_foreign/images/Cars201.png,images_resized/Cars201.png,datasets/kaggle_foreign/annotations/Cars201.xml,licence,216,171,367,208,0.36610169491525424,0.48857142857142855,0.6220338983050847,0.5942857142857143,590,350
datasets/kaggle_foreign/images/Cars229.png,images_resized/Cars229.png,datasets/kaggle_foreign/annotations/Cars229.xml,licence,253,163,284,177,0.6325,0.7244444444444444,0.71,0.7866666666666666,400,225
datasets/kaggle_foreign/images/Cars69.png,images_resized/Cars69.png,datasets/kaggle_foreign/annotations/Cars69.xml,licence,77,150,124,175,0.1925,0.5617977528089888,0.31,0.6554307116104869,400,267
datasets/kaggle_foreign/images/Cars41.png,images_resized/Cars41.png,datasets/kaggle_foreign/annotations/Cars41.xml,licence,109,182,159,206,0.36212624584717606,0.455,0.5282392026578073,0.515,301,400
datasets/kaggle_foreign/images/Cars55.png,images_resized/Cars55.png,datasets/kaggle_foreign/annotations/Cars55.xml,licence,143,171,210,208,0.3575,0.5719063545150501,0.525,0.6956521739130435,400,299
datasets/kaggle_foreign/images/Cars188.png,images_resized/Cars188.png,datasets/kaggle_foreign/annotations/Cars188.xml,licence,32,184,43,193,0.10666666666666667,0.46,0.14333333333333334,0.4825,300,400
datasets/kaggle_foreign/images/Cars163.png,images_resized/Cars163.png,datasets/kaggle_foreign/annotations/Cars163.xml,licence,220,173,360,200,0.3728813559322034,0.4942857142857143,0.6101694915254238,0.5714285714285714,590,350
datasets/kaggle_foreign/images/Cars177.png,images_resized/Cars177.png,datasets/kaggle_foreign/annotations/Cars177.xml,licence,149,166,272,193,0.3725,0.6974789915966386,0.68,0.8109243697478992,400,238
datasets/kaggle_foreign/images/Cars82.png,images_resized/Cars82.png,datasets/kaggle_foreign/annotations/Cars82.xml,licence,190,59,257,77,0.475,0.39072847682119205,0.6425,0.5099337748344371,400,151
datasets/kaggle_foreign/images/Cars96.png,images_resized/Cars96.png,datasets/kaggle_foreign/annotations/Cars96.xml,licence,133,126,261,160,0.3325,0.5080645161290323,0.6525,0.6451612903225806,400,248
datasets/kaggle_foreign/images/Cars407.png,images_resized/Cars407.png,datasets/kaggle_foreign/annotations/Cars407.xml,licence,311,183,346,202,0.7775,0.6853932584269663,0.865,0.7565543071161048,400,267
datasets/kaggle_foreign/images/Cars361.png,images_resized/Cars361.png,datasets/kaggle_foreign/annotations/Cars361.xml,licence,148,113,305,178,0.37,0.37666666666666665,0.7625,0.5933333333333334,400,300
datasets/kaggle_foreign/images/Cars375.png,images_resized/Cars375.png,datasets/kaggle_foreign/annotations/Cars375.xml,licence,144,114,300,145,0.36,0.38,0.75,0.48333333333333334,400,300
datasets/kaggle_foreign/images/Cars413.png,images_resized/Cars413.png,datasets/kaggle_foreign/annotations/Cars413.xml,licence,237,143,271,162,0.5925,0.55859375,0.6775,0.6328125,400,256
datasets/kaggle_foreign/images/Cars413.png,images_resized/Cars413.png,datasets/kaggle_foreign/annotations/Cars413.xml,licence,51,170,73,183,0.1275,0.6640625,0.1825,0.71484375,400,256
datasets/kaggle_foreign/images/Cars349.png,images_resized/Cars349.png,datasets/kaggle_foreign/annotations/Cars349.xml,licence,38,225,146,249,0.095,0.8426966292134831,0.365,0.9325842696629213,400,267
datasets/kaggle_foreign/images/Cars348.png,images_resized/Cars348.png,datasets/kaggle_foreign/annotations/Cars348.xml,licence,156,121,250,204,0.39,0.5377777777777778,0.625,0.9066666666666666,400,225
datasets/kaggle_foreign/images/Cars374.png,images_resized/Cars374.png,datasets/kaggle_foreign/annotations/Cars374.xml,licence,354,118,441,142,0.6968503937007874,0.45038167938931295,0.8681102362204725,0.5419847328244275,508,262
datasets/kaggle_foreign/images/Cars412.png,images_resized/Cars412.png,datasets/kaggle_foreign/annotations/Cars412.xml,licence,221,172,362,202,0.37457627118644066,0.49142857142857144,0.6135593220338983,0.5771428571428572,590,350
datasets/kaggle_foreign/images/Cars406.png,images_resized/Cars406.png,datasets/kaggle_foreign/annotations/Cars406.xml,licence,285,185,374,226,0.475,0.45012165450121655,0.6233333333333333,0.5498783454987834,600,411
datasets/kaggle_foreign/images/Cars360.png,images_resized/Cars360.png,datasets/kaggle_foreign/annotations/Cars360.xml,licence,52,167,94,200,0.13,0.7422222222222222,0.235,0.8888888888888888,400,225
datasets/kaggle_foreign/images/Cars97.png,images_resized/Cars97.png,datasets/kaggle_foreign/annotations/Cars97.xml,licence,98,102,297,191,0.245,0.34,0.7425,0.6366666666666667,400,300
datasets/kaggle_foreign/images/Cars83.png,images_resized/Cars83.png,datasets/kaggle_foreign/annotations/Cars83.xml,licence,251,295,326,341,0.41833333333333333,0.6555555555555556,0.5433333333333333,0.7577777777777778,600,450
datasets/kaggle_foreign/images/Cars176.png,images_resized/Cars176.png,datasets/kaggle_foreign/annotations/Cars176.xml,licence,72,67,308,185,0.18,0.268,0.77,0.74,400,250
datasets/kaggle_foreign/images/Cars162.png,images_resized/Cars162.png,datasets/kaggle_foreign/annotations/Cars162.xml,licence,201,168,268,213,0.35892857142857143,0.5333333333333333,0.4785714285714286,0.6761904761904762,560,315
datasets/kaggle_foreign/images/Cars189.png,images_resized/Cars189.png,datasets/kaggle_foreign/annotations/Cars189.xml,licence,285,241,423,286,0.6551724137931034,0.8310344827586207,0.9724137931034482,0.9862068965517241,435,290
datasets/kaggle_foreign/images/Cars54.png,images_resized/Cars54.png,datasets/kaggle_foreign/annotations/Cars54.xml,licence,148,61,257,118,0.37,0.20333333333333334,0.6425,0.3933333333333333,400,300
datasets/kaggle_foreign/images/Cars40.png,images_resized/Cars40.png,datasets/kaggle_foreign/annotations/Cars40.xml,licence,261,186,317,211,0.6525,0.8266666666666667,0.7925,0.9377777777777778,400,225
datasets/kaggle_foreign/images/Cars68.png,images_resized/Cars68.png,datasets/kaggle_foreign/annotations/Cars68.xml,licence,189,142,245,171,0.4725,0.5298507462686567,0.6125,0.6380597014925373,400,268
datasets/kaggle_foreign/images/Cars228.png,images_resized/Cars228.png,datasets/kaggle_foreign/annotations/Cars228.xml,licence,86,127,113,143,0.215,0.6446700507614214,0.2825,0.7258883248730964,400,197
datasets/kaggle_foreign/images/Cars200.png,images_resized/Cars200.png,datasets/kaggle_foreign/annotations/Cars200.xml,licence,95,189,195,217,0.2375,0.7682926829268293,0.4875,0.8821138211382114,400,246
datasets/kaggle_foreign/images/Cars214.png,images_resized/Cars214.png,datasets/kaggle_foreign/annotations/Cars214.xml,licence,188,121,214,134,0.47,0.49794238683127573,0.535,0.551440329218107,400,243
datasets/kaggle_foreign/images/Cars202.png,images_resized/Cars202.png,datasets/kaggle_foreign/annotations/Cars202.xml,licence,197,135,249,159,0.6566666666666666,0.6,0.83,0.7066666666666667,300,225
datasets/kaggle_foreign/images/Cars216.png,images_resized/Cars216.png,datasets/kaggle_foreign/annotations/Cars216.xml,licence,205,214,280,262,0.3867924528301887,0.5376884422110553,0.5283018867924528,0.6582914572864321,530,398
datasets/kaggle_foreign/images/Cars56.png,images_resized/Cars56.png,datasets/kaggle_foreign/annotations/Cars56.xml,licence,87,82,339,146,0.2175,0.4270833333333333,0.8475,0.7604166666666666,400,192
datasets/kaggle_foreign/images/Cars42.png,images_resized/Cars42.png,datasets/kaggle_foreign/annotations/Cars42.xml,licence,177,140,217,159,0.4425,0.6222222222222222,0.5425,0.7066666666666667,400,225
datasets/kaggle_foreign/images/Cars174.png,images_resized/Cars174.png,datasets/kaggle_foreign/annotations/Cars174.xml,licence,283,159,306,168,0.7075,0.7066666666666667,0.765,0.7466666666666667,400,225
datasets/kaggle_foreign/images/Cars174.png,images_resized/Cars174.png,datasets/kaggle_foreign/annotations/Cars174.xml,licence,103,150,122,158,0.2575,0.6666666666666666,0.305,0.7022222222222222,400,225
datasets/kaggle_foreign/images/Cars160.png,images_resized/Cars160.png,datasets/kaggle_foreign/annotations/Cars160.xml,licence,209,137,281,174,0.418,0.45666666666666667,0.562,0.58,500,300
datasets/kaggle_foreign/images/Cars95.png,images_resized/Cars95.png,datasets/kaggle_foreign/annotations/Cars95.xml,licence,278,182,407,263,0.4633333333333333,0.455,0.6783333333333333,0.6575,600,400
datasets/kaggle_foreign/images/Cars148.png,images_resized/Cars148.png,datasets/kaggle_foreign/annotations/Cars148.xml,licence,135,134,218,158,0.3375,0.5955555555555555,0.545,0.7022222222222222,400,225
datasets/kaggle_foreign/images/Cars81.png,images_resized/Cars81.png,datasets/kaggle_foreign/annotations/Cars81.xml,licence,297,100,327,125,0.7425,0.3333333333333333,0.8175,0.4166666666666667,400,300
datasets/kaggle_foreign/images/Cars389.png,images_resized/Cars389.png,datasets/kaggle_foreign/annotations/Cars389.xml,licence,77,305,222,370,0.12833333333333333,0.6777777777777778,0.37,0.8222222222222222,600,450
datasets/kaggle_foreign/images/Cars410.png,images_resized/Cars410.png,datasets/kaggle_foreign/annotations/Cars410.xml,licence,51,150,219,212,0.16943521594684385,0.375,0.7275747508305648,0.53,301,400
datasets/kaggle_foreign/images/Cars376.png,images_resized/Cars376.png,datasets/kaggle_foreign/annotations/Cars376.xml,licence,159,178,252,203,0.3975,0.6716981132075471,0.63,0.7660377358490567,400,265
datasets/kaggle_foreign/images/Cars362.png,images_resized/Cars362.png,datasets/kaggle_foreign/annotations/Cars362.xml,licence,139,172,162,179,0.3475,0.5733333333333334,0.405,0.5966666666666667,400,300
datasets/kaggle_foreign/images/Cars404.png,images_resized/Cars404.png,datasets/kaggle_foreign/annotations/Cars404.xml,licence,162,208,235,244,0.43783783783783786,0.52,0.6351351351351351,0.61,370,400
datasets/kaggle_foreign/images/Cars363.png,images_resized/Cars363.png,datasets/kaggle_foreign/annotations/Cars363.xml,licence,153,169,254,204,0.3825,0.6377358490566037,0.635,0.769811320754717,400,265
datasets/kaggle_foreign/images/Cars405.png,images_resized/Cars405.png,datasets/kaggle_foreign/annotations/Cars405.xml,licence,241,207,299,232,0.4112627986348123,0.6253776435045317,0.5102389078498294,0.7009063444108762,586,331
datasets/kaggle_foreign/images/Cars411.png,images_resized/Cars411.png,datasets/kaggle_foreign/annotations/Cars411.xml,licence,160,153,249,197,0.4,0.5708955223880597,0.6225,0.7350746268656716,400,268
datasets/kaggle_foreign/images/Cars377.png,images_resized/Cars377.png,datasets/kaggle_foreign/annotations/Cars377.xml,licence,177,138,216,161,0.4425,0.6133333333333333,0.54,0.7155555555555555,400,225
datasets/kaggle_foreign/images/Cars388.png,images_resized/Cars388.png,datasets/kaggle_foreign/annotations/Cars388.xml,licence,149,130,255,158,0.3725,0.43333333333333335,0.6375,0.5266666666666666,400,300
datasets/kaggle_foreign/images/Cars80.png,images_resized/Cars80.png,datasets/kaggle_foreign/annotations/Cars80.xml,licence,94,148,279,186,0.235,0.5016949152542373,0.6975,0.6305084745762712,400,295
datasets/kaggle_foreign/images/Cars149.png,images_resized/Cars149.png,datasets/kaggle_foreign/annotations/Cars149.xml,licence,212,182,245,203,0.53,0.6476868327402135,0.6125,0.7224199288256228,400,281
datasets/kaggle_foreign/images/Cars94.png,images_resized/Cars94.png,datasets/kaggle_foreign/annotations/Cars94.xml,licence,176,210,251,248,0.44,0.658307210031348,0.6275,0.7774294670846394,400,319
datasets/kaggle_foreign/images/Cars161.png,images_resized/Cars161.png,datasets/kaggle_foreign/annotations/Cars161.xml,licence,312,283,406,311,0.6153846153846154,0.729381443298969,0.8007889546351085,0.8015463917525774,507,388
datasets/kaggle_foreign/images/Cars175.png,images_resized/Cars175.png,datasets/kaggle_foreign/annotations/Cars175.xml,licence,295,237,456,367,0.49166666666666664,0.5266666666666666,0.76,0.8155555555555556,600,450
datasets/kaggle_foreign/images/Cars43.png,images_resized/Cars43.png,datasets/kaggle_foreign/annotations/Cars43.xml,licence,142,111,319,161,0.30148619957537154,0.4111111111111111,0.6772823779193206,0.5962962962962963,471,270
datasets/kaggle_foreign/images/Cars57.png,images_resized/Cars57.png,datasets/kaggle_foreign/annotations/Cars57.xml,licence,270,162,321,195,0.6264501160092807,0.6694214876033058,0.7447795823665894,0.8057851239669421,431,242
datasets/kaggle_foreign/images/Cars217.png,images_resized/Cars217.png,datasets/kaggle_foreign/annotations/Cars217.xml,licence,149,196,223,231,0.3725,0.8166666666666667,0.5575,0.9625,400,240
datasets/kaggle_foreign/images/Cars203.png,images_resized/Cars203.png,datasets/kaggle_foreign/annotations/Cars203.xml,licence,116,112,271,165,0.29,0.41947565543071164,0.6775,0.6179775280898876,400,267
datasets/kaggle_foreign/images/Cars258.png,images_resized/Cars258.png,datasets/kaggle_foreign/annotations/Cars258.xml,licence,158,184,230,232,0.395,0.6917293233082706,0.575,0.8721804511278195,400,266
datasets/kaggle_foreign/images/Cars264.png,images_resized/Cars264.png,datasets/kaggle_foreign/annotations/Cars264.xml,licence,222,300,295,337,0.555,0.75,0.7375,0.8425,400,400
datasets/kaggle_foreign/images/Cars270.png,images_resized/Cars270.png,datasets/kaggle_foreign/annotations/Cars270.xml,licence,75,173,125,195,0.1875,0.7688888888888888,0.3125,0.8666666666666667,400,225
datasets/kaggle_foreign/images/Cars30.png,images_resized/Cars30.png,datasets/kaggle_foreign/annotations/Cars30.xml,licence,155,169,200,182,0.3875,0.7041666666666667,0.5,0.7583333333333333,400,240
datasets/kaggle_foreign/images/Cars24.png,images_resized/Cars24.png,datasets/kaggle_foreign/annotations/Cars24.xml,licence,167,202,240,221,0.4175,0.6733333333333333,0.6,0.7366666666666667,400,300
datasets/kaggle_foreign/images/Cars18.png,images_resized/Cars18.png,datasets/kaggle_foreign/annotations/Cars18.xml,licence,313,286,405,311,0.6173570019723866,0.7371134020618557,0.7988165680473372,0.8015463917525774,507,388
datasets/kaggle_foreign/images/Cars112.png,images_resized/Cars112.png,datasets/kaggle_foreign/annotations/Cars112.xml,licence,49,135,164,191,0.20416666666666666,0.3375,0.6833333333333333,0.4775,240,400
datasets/kaggle_foreign/images/Cars106.png,images_resized/Cars106.png,datasets/kaggle_foreign/annotations/Cars106.xml,licence,138,79,177,92,0.345,0.31983805668016196,0.4425,0.3724696356275304,400,247
datasets/kaggle_foreign/images/Cars106.png,images_resized/Cars106.png,datasets/kaggle_foreign/annotations/Cars106.xml,licence,245,79,270,94,0.6125,0.31983805668016196,0.675,0.3805668016194332,400,247
datasets/kaggle_foreign/images/Cars106.png,images_resized/Cars106.png,datasets/kaggle_foreign/annotations/Cars106.xml,licence,169,202,192,231,0.4225,0.8178137651821862,0.48,0.9352226720647774,400,247
datasets/kaggle_foreign/images/Cars106.png,images_resized/Cars106.png,datasets/kaggle_foreign/annotations/Cars106.xml,licence,225,194,279,217,0.5625,0.7854251012145749,0.6975,0.8785425101214575,400,247
datasets/kaggle_foreign/images/Cars3.png,images_resized/Cars3.png,datasets/kaggle_foreign/annotations/Cars3.xml,licence,142,128,261,157,0.355,0.5688888888888889,0.6525,0.6977777777777778,400,225
datasets/kaggle_foreign/images/Cars338.png,images_resized/Cars338.png,datasets/kaggle_foreign/annotations/Cars338.xml,licence,297,193,316,205,0.7425,0.7228464419475655,0.79,0.7677902621722846,400,267
datasets/kaggle_foreign/images/Cars310.png,images_resized/Cars310.png,datasets/kaggle_foreign/annotations/Cars310.xml,licence,241,369,348,417,0.40166666666666667,0.6949152542372882,0.58,0.7853107344632768,600,531
datasets/kaggle_foreign/images/Cars304.png,images_resized/Cars304.png,datasets/kaggle_foreign/annotations/Cars304.xml,licence,143,114,222,156,0.3575,0.504424778761062,0.555,0.6902654867256637,400,226
datasets/kaggle_foreign/images/Cars305.png,images_resized/Cars305.png,datasets/kaggle_foreign/annotations/Cars305.xml,licence,361,167,434,183,0.8022222222222222,0.6185185185185185,0.9644444444444444,0.6777777777777778,450,270
datasets/kaggle_foreign/images/Cars311.png,images_resized/Cars311.png,datasets/kaggle_foreign/annotations/Cars311.xml,licence,295,166,355,185,0.7375,0.6217228464419475,0.8875,0.6928838951310862,400,267
datasets/kaggle_foreign/images/Cars311.png,images_resized/Cars311.png,datasets/kaggle_foreign/annotations/Cars311.xml,licence,67,91,95,98,0.1675,0.3408239700374532,0.2375,0.36704119850187267,400,267
datasets/kaggle_foreign/images/Cars339.png,images_resized/Cars339.png,datasets/kaggle_foreign/annotations/Cars339.xml,licence,209,135,283,169,0.418,0.45,0.566,0.5633333333333334,500,300
datasets/kaggle_foreign/images/Cars2.png,images_resized/Cars2.png,datasets/kaggle_foreign/annotations/Cars2.xml,licence,229,176,270,193,0.5725,0.44,0.675,0.4825,400,400
datasets/kaggle_foreign/images/Cars107.png,images_resized/Cars107.png,datasets/kaggle_foreign/annotations/Cars107.xml,licence,141,113,311,164,0.29936305732484075,0.4185185185185185,0.6602972399150743,0.6074074074074074,471,270
datasets/kaggle_foreign/images/Cars113.png,images_resized/Cars113.png,datasets/kaggle_foreign/annotations/Cars113.xml,licence,151,113,306,180,0.3775,0.37666666666666665,0.765,0.6,400,300
datasets/kaggle_foreign/images/Cars19.png,images_resized/Cars19.png,datasets/kaggle_foreign/annotations/Cars19.xml,licence,148,195,221,232,0.37,0.8125,0.5525,0.9666666666666667,400,240
datasets/kaggle_foreign/images/Cars25.png,images_resized/Cars25.png,datasets/kaggle_foreign/annotations/Cars25.xml,licence,177,139,216,159,0.4425,0.6177777777777778,0.54,0.7066666666666667,400,225
datasets/kaggle_foreign/images/Cars31.png,images_resized/Cars31.png,datasets/kaggle_foreign/annotations/Cars31.xml,licence,286,173,400,211,0.715,0.7061224489795919,1.0,0.8612244897959184,400,245
datasets/kaggle_foreign/images/Cars271.png,images_resized/Cars271.png,datasets/kaggle_foreign/annotations/Cars271.xml,licence,262,141,318,160,0.655,0.5300751879699248,0.795,0.6015037593984962,400,266
datasets/kaggle_foreign/images/Cars265.png,images_resized/Cars265.png,datasets/kaggle_foreign/annotations/Cars265.xml,licence,87,166,216,212,0.2175,0.7614678899082569,0.54,0.9724770642201835,400,218
datasets/kaggle_foreign/images/Cars259.png,images_resized/Cars259.png,datasets/kaggle_foreign/annotations/Cars259.xml,licence,324,166,475,205,0.54,0.4911242603550296,0.7916666666666666,0.606508875739645,600,338
datasets/kaggle_foreign/images/Cars298.png,images_resized/Cars298.png,datasets/kaggle_foreign/annotations/Cars298.xml,licence,166,148,233,184,0.415,0.5522388059701493,0.5825,0.6865671641791045,400,268
datasets/kaggle_foreign/images/Cars273.png,images_resized/Cars273.png,datasets/kaggle_foreign/annotations/Cars273.xml,licence,74,132,264,173,0.12542372881355932,0.37714285714285717,0.44745762711864406,0.4942857142857143,590,350
datasets/kaggle_foreign/images/Cars267.png,images_resized/Cars267.png,datasets/kaggle_foreign/annotations/Cars267.xml,licence,274,118,343,138,0.6602409638554216,0.5363636363636364,0.8265060240963855,0.6272727272727273,415,220
datasets/kaggle_foreign/images/Cars27.png,images_resized/Cars27.png,datasets/kaggle_foreign/annotations/Cars27.xml,licence,148,127,245,159,0.37,0.5644444444444444,0.6125,0.7066666666666667,400,225
datasets/kaggle_foreign/images/Cars33.png,images_resized/Cars33.png,datasets/kaggle_foreign/annotations/Cars33.xml,licence,94,56,306,169,0.235,0.24888888888888888,0.765,0.7511111111111111,400,225
datasets/kaggle_foreign/images/Cars139.png,images_resized/Cars139.png,datasets/kaggle_foreign/annotations/Cars139.xml,licence,315,189,337,197,0.7875,0.63,0.8425,0.6566666666666666,400,300
datasets/kaggle_foreign/images/Cars139.png,images_resized/Cars139.png,datasets/kaggle_foreign/annotations/Cars139.xml,licence,193,224,231,233,0.4825,0.7466666666666667,0.5775,0.7766666666666666,400,300
datasets/kaggle_foreign/images/Cars105.png,images_resized/Cars105.png,datasets/kaggle_foreign/annotations/Cars105.xml,licence,152,147,206,159,0.38,0.6125,0.515,0.6625,400,240
datasets/kaggle_foreign/images/Cars0.png,images_resized/Cars0.png,datasets/kaggle_foreign/annotations/Cars0.xml,licence,226,125,419,173,0.452,0.4664179104477612,0.838,0.6455223880597015,500,268
datasets/kaggle_foreign/images/Cars111.png,images_resized/Cars111.png,datasets/kaggle_foreign/annotations/Cars111.xml,licence,319,165,478,204,0.5316666666666666,0.4881656804733728,0.7966666666666666,0.6035502958579881,600,338
datasets/kaggle_foreign/images/Cars307.png,images_resized/Cars307.png,datasets/kaggle_foreign/annotations/Cars307.xml,licence,172,163,437,220,0.2866666666666667,0.3908872901678657,0.7283333333333334,0.5275779376498801,600,417
datasets/kaggle_foreign/images/Cars313.png,images_resized/Cars313.png,datasets/kaggle_foreign/annotations/Cars313.xml,licence,176,211,252,246,0.44,0.6614420062695925,0.63,0.7711598746081505,400,319
datasets/kaggle_foreign/images/Cars312.png,images_resized/Cars312.png,datasets/kaggle_foreign/annotations/Cars312.xml,licence,111,66,518,246,0.188135593220339,0.18857142857142858,0.8779661016949153,0.7028571428571428,590,350
datasets/kaggle_foreign/images/Cars306.png,images_resized/Cars306.png,datasets/kaggle_foreign/annotations/Cars306.xml,licence,139,282,249,310,0.3475,0.705,0.6225,0.775,400,400
datasets/kaggle_foreign/images/Cars110.png,images_resized/Cars110.png,datasets/kaggle_foreign/annotations/Cars110.xml,licence,286,133,328,159,0.715,0.49812734082397003,0.82,0.5955056179775281,400,267
datasets/kaggle_foreign/images/Cars1.png,images_resized/Cars1.png,datasets/kaggle_foreign/annotations/Cars1.xml,licence,134,128,262,160,0.335,0.5161290322580645,0.655,0.6451612903225806,400,248
datasets/kaggle_foreign/images/Cars104.png,images_resized/Cars104.png,datasets/kaggle_foreign/annotations/Cars104.xml,licence,195,266,244,282,0.39,0.7112299465240641,0.488,0.7540106951871658,500,374
datasets/kaggle_foreign/images/Cars138.png,images_resized/Cars138.png,datasets/kaggle_foreign/annotations/Cars138.xml,licence,153,141,254,185,0.3825,0.4684385382059801,0.635,0.6146179401993356,400,301
datasets/kaggle_foreign/images/Cars32.png,images_resized/Cars32.png,datasets/kaggle_foreign/annotations/Cars32.xml,licence,200,149,251,167,0.5,0.49666666666666665,0.6275,0.5566666666666666,400,300
datasets/kaggle_foreign/images/Cars26.png,images_resized/Cars26.png,datasets/kaggle_foreign/annotations/Cars26.xml,licence,258,184,321,213,0.645,0.8177777777777778,0.8025,0.9466666666666667,400,225
datasets/kaggle_foreign/images/Cars266.png,images_resized/Cars266.png,datasets/kaggle_foreign/annotations/Cars266.xml,licence,11,57,88,76,0.0275,0.25333333333333335,0.22,0.3377777777777778,400,225
datasets/kaggle_foreign/images/Cars266.png,images_resized/Cars266.png,datasets/kaggle_foreign/annotations/Cars266.xml,licence,15,84,84,102,0.0375,0.37333333333333335,0.21,0.4533333333333333,400,225
datasets/kaggle_foreign/images/Cars266.png,images_resized/Cars266.png,datasets/kaggle_foreign/annotations/Cars266.xml,licence,23,110,75,122,0.0575,0.4888888888888889,0.1875,0.5422222222222223,400,225
datasets/kaggle_foreign/images/Cars266.png,images_resized/Cars266.png,datasets/kaggle_foreign/annotations/Cars266.xml,licence,24,150,74,175,0.06,0.6666666666666666,0.185,0.7777777777777778,400,225
datasets/kaggle_foreign/images/Cars266.png,images_resized/Cars266.png,datasets/kaggle_foreign/annotations/Cars266.xml,licence,95,105,158,122,0.2375,0.4666666666666667,0.395,0.5422222222222223,400,225
datasets/kaggle_foreign/images/Cars266.png,images_resized/Cars266.png,datasets/kaggle_foreign/annotations/Cars266.xml,licence,154,45,393,176,0.385,0.2,0.9825,0.7822222222222223,400,225
datasets/kaggle_foreign/images/Cars272.png,images_resized/Cars272.png,datasets/kaggle_foreign/annotations/Cars272.xml,licence,170,81,316,121,0.3046594982078853,0.3537117903930131,0.5663082437275986,0.5283842794759825,558,229
datasets/kaggle_foreign/images/Cars299.png,images_resized/Cars299.png,datasets/kaggle_foreign/annotations/Cars299.xml,licence,101,136,270,176,0.2525,0.4533333333333333,0.675,0.5866666666666667,400,300
datasets/kaggle_foreign/images/Cars289.png,images_resized/Cars289.png,datasets/kaggle_foreign/annotations/Cars289.xml,licence,163,140,271,173,0.4075,0.4560260586319218,0.6775,0.5635179153094463,400,307
datasets/kaggle_foreign/images/Cars276.png,images_resized/Cars276.png,datasets/kaggle_foreign/annotations/Cars276.xml,licence,115,116,276,156,0.2875,0.4344569288389513,0.69,0.5842696629213483,400,267
datasets/kaggle_foreign/images/Cars262.png,images_resized/Cars262.png,datasets/kaggle_foreign/annotations/Cars262.xml,licence,243,184,285,205,0.6075,0.6112956810631229,0.7125,0.6810631229235881,400,301
datasets/kaggle_foreign/images/Cars22.png,images_resized/Cars22.png,datasets/kaggle_foreign/annotations/Cars22.xml,licence,207,104,260,116,0.5175,0.34782608695652173,0.65,0.3879598662207358,400,299
datasets/kaggle_foreign/images/Cars36.png,images_resized/Cars36.png,datasets/kaggle_foreign/annotations/Cars36.xml,licence,203,193,285,229,0.406,0.5146666666666667,0.57,0.6106666666666667,500,375
datasets/kaggle_foreign/images/Cars100.png,images_resized/Cars100.png,datasets/kaggle_foreign/annotations/Cars100.xml,licence,175,114,214,131,0.4375,0.42696629213483145,0.535,0.49063670411985016,400,267
datasets/kaggle_foreign/images/Cars5.png,images_resized/Cars5.png,datasets/kaggle_foreign/annotations/Cars5.xml,licence,226,218,242,240,0.565,0.7389830508474576,0.605,0.8135593220338984,400,295
datasets/kaggle_foreign/images/Cars114.png,images_resized/Cars114.png,datasets/kaggle_foreign/annotations/Cars114.xml,licence,7,16,493,256,0.014,0.05333333333333334,0.986,0.8533333333333334,500,300
datasets/kaggle_foreign/images/Cars128.png,images_resized/Cars128.png,datasets/kaggle_foreign/annotations/Cars128.xml,licence,112,65,306,173,0.28,0.28888888888888886,0.765,0.7688888888888888,400,225
datasets/kaggle_foreign/images/Cars302.png,images_resized/Cars302.png,datasets/kaggle_foreign/annotations/Cars302.xml,licence,222,98,425,149,0.444,0.4188034188034188,0.85,0.6367521367521367,500,234
datasets/kaggle_foreign/images/Cars316.png,images_resized/Cars316.png,datasets/kaggle_foreign/annotations/Cars316.xml,licence,377,405,476,439,0.6283333333333333,0.9,0.7933333333333333,0.9755555555555555,600,450
datasets/kaggle_foreign/images/Cars316.png,images_resized/Cars316.png,datasets/kaggle_foreign/annotations/Cars316.xml,licence,379,192,455,220,0.6316666666666667,0.4266666666666667,0.7583333333333333,0.4888888888888889,600,450
datasets/kaggle_foreign/images/Cars317.png,images_resized/Cars317.png,datasets/kaggle_foreign/annotations/Cars317.xml,licence,164,202,240,220,0.41,0.6733333333333333,0.6,0.7333333333333333,400,300
datasets/kaggle_foreign/images/Cars303.png,images_resized/Cars303.png,datasets/kaggle_foreign/annotations/Cars303.xml,licence,150,211,247,237,0.375,0.7033333333333334,0.6175,0.79,400,300
datasets/kaggle_foreign/images/Cars129.png,images_resized/Cars129.png,datasets/kaggle_foreign/annotations/Cars129.xml,licence,204,213,282,267,0.3849056603773585,0.535175879396985,0.5320754716981132,0.6708542713567839,530,398
datasets/kaggle_foreign/images/Cars115.png,images_resized/Cars115.png,datasets/kaggle_foreign/annotations/Cars115.xml,licence,315,287,407,311,0.621301775147929,0.7396907216494846,0.8027613412228797,0.8015463917525774,507,388
datasets/kaggle_foreign/images/Cars4.png,images_resized/Cars4.png,datasets/kaggle_foreign/annotations/Cars4.xml,licence,156,82,503,253,0.26440677966101694,0.2342857142857143,0.8525423728813559,0.7228571428571429,590,350
datasets/kaggle_foreign/images/Cars101.png,images_resized/Cars101.png,datasets/kaggle_foreign/annotations/Cars101.xml,licence,167,202,240,220,0.4175,0.6733333333333333,0.6,0.7333333333333333,400,300
datasets/kaggle_foreign/images/Cars37.png,images_resized/Cars37.png,datasets/kaggle_foreign/annotations/Cars37.xml,licence,146,114,246,163,0.365,0.4253731343283582,0.615,0.6082089552238806,400,268
datasets/kaggle_foreign/images/Cars23.png,images_resized/Cars23.png,datasets/kaggle_foreign/annotations/Cars23.xml,licence,143,172,213,211,0.3575,0.5752508361204013,0.5325,0.705685618729097,400,299
datasets/kaggle_foreign/images/Cars263.png,images_resized/Cars263.png,datasets/kaggle_foreign/annotations/Cars263.xml,licence,129,260,232,290,0.3225,0.8904109589041096,0.58,0.9931506849315068,400,292
datasets/kaggle_foreign/images/Cars277.png,images_resized/Cars277.png,datasets/kaggle_foreign/annotations/Cars277.xml,licence,48,218,72,225,0.12,0.7491408934707904,0.18,0.7731958762886598,400,291
datasets/kaggle_foreign/images/Cars277.png,images_resized/Cars277.png,datasets/kaggle_foreign/annotations/Cars277.xml,licence,134,217,153,224,0.335,0.7457044673539519,0.3825,0.7697594501718213,400,291
datasets/kaggle_foreign/images/Cars277.png,images_resized/Cars277.png,datasets/kaggle_foreign/annotations/Cars277.xml,licence,290,220,308,229,0.725,0.7560137457044673,0.77,0.7869415807560137,400,291
datasets/kaggle_foreign/images/Cars277.png,images_resized/Cars277.png,datasets/kaggle_foreign/annotations/Cars277.xml,licence,373,212,388,217,0.9325,0.7285223367697594,0.97,0.7457044673539519,400,291
datasets/kaggle_foreign/images/Cars288.png,images_resized/Cars288.png,datasets/kaggle_foreign/annotations/Cars288.xml,licence,97,148,164,169,0.2425,0.6883720930232559,0.41,0.786046511627907,400,215
datasets/kaggle_foreign/images/Cars261.png,images_resized/Cars261.png,datasets/kaggle_foreign/annotations/Cars261.xml,licence,1,74,464,154,0.0020833333333333333,0.20555555555555555,0.9666666666666667,0.42777777777777776,480,360
datasets/kaggle_foreign/images/Cars275.png,images_resized/Cars275.png,datasets/kaggle_foreign/annotations/Cars275.xml,licence,99,150,162,167,0.2475,0.6976744186046512,0.405,0.7767441860465116,400,215
datasets/kaggle_foreign/images/Cars249.png,images_resized/Cars249.png,datasets/kaggle_foreign/annotations/Cars249.xml,licence,118,91,149,99,0.295,0.3684210526315789,0.3725,0.4008097165991903,400,247
datasets/kaggle_foreign/images/Cars249.png,images_resized/Cars249.png,datasets/kaggle_foreign/annotations/Cars249.xml,licence,238,60,269,79,0.595,0.242914979757085,0.6725,0.31983805668016196,400,247
datasets/kaggle_foreign/images/Cars249.png,images_resized/Cars249.png,datasets/kaggle_foreign/annotations/Cars249.xml,licence,133,195,161,203,0.3325,0.7894736842105263,0.4025,0.8218623481781376,400,247
datasets/kaggle_foreign/images/Cars249.png,images_resized/Cars249.png,datasets/kaggle_foreign/annotations/Cars249.xml,licence,300,208,354,226,0.75,0.8421052631578947,0.885,0.9149797570850202,400,247
datasets/kaggle_foreign/images/Cars35.png,images_resized/Cars35.png,datasets/kaggle_foreign/annotations/Cars35.xml,licence,91,186,137,208,0.2275,0.6966292134831461,0.3425,0.7790262172284644,400,267
datasets/kaggle_foreign/images/Cars21.png,images_resized/Cars21.png,datasets/kaggle_foreign/annotations/Cars21.xml,licence,191,165,255,192,0.4775,0.5481727574750831,0.6375,0.6378737541528239,400,301
datasets/kaggle_foreign/images/Cars117.png,images_resized/Cars117.png,datasets/kaggle_foreign/annotations/Cars117.xml,licence,42,126,86,137,0.105,0.6810810810810811,0.215,0.7405405405405405,400,185
datasets/kaggle_foreign/images/Cars103.png,images_resized/Cars103.png,datasets/kaggle_foreign/annotations/Cars103.xml,licence,230,129,248,134,0.575,0.6581632653061225,0.62,0.6836734693877551,400,196
datasets/kaggle_foreign/images/Cars103.png,images_resized/Cars103.png,datasets/kaggle_foreign/annotations/Cars103.xml,licence,189,116,202,121,0.4725,0.5918367346938775,0.505,0.6173469387755102,400,196
datasets/kaggle_foreign/images/Cars6.png,images_resized/Cars6.png,datasets/kaggle_foreign/annotations/Cars6.xml,licence,112,114,373,239,0.224,0.304,0.746,0.6373333333333333,500,375
datasets/kaggle_foreign/images/Cars315.png,images_resized/Cars315.png,datasets/kaggle_foreign/annotations/Cars315.xml,licence,12,98,385,181,0.03,0.32666666666666666,0.9625,0.6033333333333334,400,300
datasets/kaggle_foreign/images/Cars301.png,images_resized/Cars301.png,datasets/kaggle_foreign/annotations/Cars301.xml,licence,205,107,303,135,0.41,0.46120689655172414,0.606,0.5818965517241379,500,232
datasets/kaggle_foreign/images/Cars329.png,images_resized/Cars329.png,datasets/kaggle_foreign/annotations/Cars329.xml,licence,166,142,224,176,0.415,0.5568627450980392,0.56,0.6901960784313725,400,255
datasets/kaggle_foreign/images/Cars328.png,images_resized/Cars328.png,datasets/kaggle_foreign/annotations/Cars328.xml,licence,156,149,248,170,0.39,0.6394849785407726,0.62,0.7296137339055794,400,233
datasets/kaggle_foreign/images/Cars300.png,images_resized/Cars300.png,datasets/kaggle_foreign/annotations/Cars300.xml,licence,259,185,317,215,0.6475,0.8222222222222222,0.7925,0.9555555555555556,400,225
datasets/kaggle_foreign/images/Cars314.png,images_resized/Cars314.png,datasets/kaggle_foreign/annotations/Cars314.xml,licence,195,149,274,209,0.4875,0.7129186602870813,0.685,1.0,400,209
datasets/kaggle_foreign/images/Cars7.png,images_resized/Cars7.png,datasets/kaggle_foreign/annotations/Cars7.xml,licence,166,141,206,154,0.415,0.5053763440860215,0.515,0.5519713261648745,400,279
datasets/kaggle_foreign/images/Cars102.png,images_resized/Cars102.png,datasets/kaggle_foreign/annotations/Cars102.xml,licence,66,147,322,199,0.18857142857142858,0.55893536121673,0.92,0.7566539923954373,350,263
datasets/kaggle_foreign/images/Cars116.png,images_resized/Cars116.png,datasets/kaggle_foreign/annotations/Cars116.xml,licence,149,218,267,247,0.3725,0.6566265060240963,0.6675,0.7439759036144579,400,332
datasets/kaggle_foreign/images/Cars20.png,images_resized/Cars20.png,datasets/kaggle_foreign/annotations/Cars20.xml,licence,18,135,48,152,0.045,0.5532786885245902,0.12,0.6229508196721312,400,244
datasets/kaggle_foreign/images/Cars34.png,images_resized/Cars34.png,datasets/kaggle_foreign/annotations/Cars34.xml,licence,147,181,260,206,0.3675,0.5451807228915663,0.65,0.6204819277108434,400,332
datasets/kaggle_foreign/images/Cars248.png,images_resized/Cars248.png,datasets/kaggle_foreign/annotations/Cars248.xml,licence,184,143,311,191,0.46,0.4766666666666667,0.7775,0.6366666666666667,400,300
datasets/kaggle_foreign/images/Cars274.png,images_resized/Cars274.png,datasets/kaggle_foreign/annotations/Cars274.xml,licence,196,149,253,169,0.49,0.49666666666666665,0.6325,0.5633333333333334,400,300
datasets/kaggle_foreign/images/Cars260.png,images_resized/Cars260.png,datasets/kaggle_foreign/annotations/Cars260.xml,licence,170,112,232,129,0.425,0.4666666666666667,0.58,0.5375,400,240
datasets/kaggle_foreign/images/Cars286.png,images_resized/Cars286.png,datasets/kaggle_foreign/annotations/Cars286.xml,licence,201,191,288,230,0.402,0.5093333333333333,0.576,0.6133333333333333,500,375
datasets/kaggle_foreign/images/Cars292.png,images_resized/Cars292.png,datasets/kaggle_foreign/annotations/Cars292.xml,licence,91,187,137,208,0.2275,0.700374531835206,0.3425,0.7790262172284644,400,267
datasets/kaggle_foreign/images/Cars279.png,images_resized/Cars279.png,datasets/kaggle_foreign/annotations/Cars279.xml,licence,42,131,202,243,0.105,0.43666666666666665,0.505,0.81,400,300
datasets/kaggle_foreign/images/Cars245.png,images_resized/Cars245.png,datasets/kaggle_foreign/annotations/Cars245.xml,licence,91,110,164,138,0.2275,0.41198501872659177,0.41,0.5168539325842697,400,267
datasets/kaggle_foreign/images/Cars251.png,images_resized/Cars251.png,datasets/kaggle_foreign/annotations/Cars251.xml,licence,136,134,210,153,0.34,0.5955555555555555,0.525,0.68,400,225
datasets/kaggle_foreign/images/Cars11.png,images_resized/Cars11.png,datasets/kaggle_foreign/annotations/Cars11.xml,licence,131,206,273,234,0.3275,0.6754098360655738,0.6825,0.7672131147540984,400,305
datasets/kaggle_foreign/images/Cars39.png,images_resized/Cars39.png,datasets/kaggle_foreign/annotations/Cars39.xml,licence,225,180,328,213,0.5625,0.6,0.82,0.71,400,300
datasets/kaggle_foreign/images/Cars133.png,images_resized/Cars133.png,datasets/kaggle_foreign/annotations/Cars133.xml,licence,247,185,375,223,0.4116666666666667,0.45012165450121655,0.625,0.5425790754257908,600,411
datasets/kaggle_foreign/images/Cars127.png,images_resized/Cars127.png,datasets/kaggle_foreign/annotations/Cars127.xml,licence,360,166,383,181,0.9,0.6217228464419475,0.9575,0.6779026217228464,400,267
datasets/kaggle_foreign/images/Cars319.png,images_resized/Cars319.png,datasets/kaggle_foreign/annotations/Cars319.xml,licence,167,228,232,259,0.4175,0.6666666666666666,0.58,0.7573099415204678,400,342
datasets/kaggle_foreign/images/Cars331.png,images_resized/Cars331.png,datasets/kaggle_foreign/annotations/Cars331.xml,licence,164,220,235,240,0.29285714285714287,0.5238095238095238,0.41964285714285715,0.5714285714285714,560,420
datasets/kaggle_foreign/images/Cars325.png,images_resized/Cars325.png,datasets/kaggle_foreign/annotations/Cars325.xml,licence,230,180,262,196,0.575,0.7964601769911505,0.655,0.8672566371681416,400,226
datasets/kaggle_foreign/images/Cars324.png,images_resized/Cars324.png,datasets/kaggle_foreign/annotations/Cars324.xml,licence,151,138,255,159,0.3775,0.6133333333333333,0.6375,0.7066666666666667,400,225
datasets/kaggle_foreign/images/Cars330.png,images_resized/Cars330.png,datasets/kaggle_foreign/annotations/Cars330.xml,licence,29,192,57,203,0.0725,0.64,0.1425,0.6766666666666666,400,300
datasets/kaggle_foreign/images/Cars330.png,images_resized/Cars330.png,datasets/kaggle_foreign/annotations/Cars330.xml,licence,168,202,198,214,0.42,0.6733333333333333,0.495,0.7133333333333334,400,300
datasets/kaggle_foreign/images/Cars330.png,images_resized/Cars330.png,datasets/kaggle_foreign/annotations/Cars330.xml,licence,313,180,333,191,0.7825,0.6,0.8325,0.6366666666666667,400,300
datasets/kaggle_foreign/images/Cars330.png,images_resized/Cars330.png,datasets/kaggle_foreign/annotations/Cars330.xml,licence,385,172,399,181,0.9625,0.5733333333333334,0.9975,0.6033333333333334,400,300
datasets/kaggle_foreign/images/Cars318.png,images_resized/Cars318.png,datasets/kaggle_foreign/annotations/Cars318.xml,licence,119,117,263,160,0.2975,0.52,0.6575,0.7111111111111111,400,225
datasets/kaggle_foreign/images/Cars126.png,images_resized/Cars126.png,datasets/kaggle_foreign/annotations/Cars126.xml,licence,103,99,293,201,0.2575,0.33,0.7325,0.67,400,300
datasets/kaggle_foreign/images/Cars132.png,images_resized/Cars132.png,datasets/kaggle_foreign/annotations/Cars132.xml,licence,23,190,56,198,0.0575,0.8444444444444444,0.14,0.88,400,225
datasets/kaggle_foreign/images/Cars132.png,images_resized/Cars132.png,datasets/kaggle_foreign/annotations/Cars132.xml,licence,378,188,400,200,0.945,0.8355555555555556,1.0,0.8888888888888888,400,225
datasets/kaggle_foreign/images/Cars38.png,images_resized/Cars38.png,datasets/kaggle_foreign/annotations/Cars38.xml,licence,168,196,240,231,0.43523316062176165,0.49,0.6217616580310881,0.5775,386,400
datasets/kaggle_foreign/images/Cars10.png,images_resized/Cars10.png,datasets/kaggle_foreign/annotations/Cars10.xml,licence,140,5,303,148,0.35,0.022222222222222223,0.7575,0.6577777777777778,400,225
datasets/kaggle_foreign/images/Cars250.png,images_resized/Cars250.png,datasets/kaggle_foreign/annotations/Cars250.xml,licence,132,123,261,160,0.33,0.4959677419354839,0.6525,0.6451612903225806,400,248
datasets/kaggle_foreign/images/Cars244.png,images_resized/Cars244.png,datasets/kaggle_foreign/annotations/Cars244.xml,licence,20,87,360,155,0.05,0.29,0.9,0.5166666666666667,400,300
datasets/kaggle_foreign/images/Cars278.png,images_resized/Cars278.png,datasets/kaggle_foreign/annotations/Cars278.xml,licence,278,138,315,163,0.695,0.6865671641791045,0.7875,0.8109452736318408,400,201
datasets/kaggle_foreign/images/Cars293.png,images_resized/Cars293.png,datasets/kaggle_foreign/annotations/Cars293.xml,licence,64,160,130,181,0.16,0.599250936329588,0.325,0.6779026217228464,400,267
datasets/kaggle_foreign/images/Cars287.png,images_resized/Cars287.png,datasets/kaggle_foreign/annotations/Cars287.xml,licence,148,180,262,213,0.37,0.5421686746987951,0.655,0.641566265060241,400,332
datasets/kaggle_foreign/images/Cars291.png,images_resized/Cars291.png,datasets/kaggle_foreign/annotations/Cars291.xml,licence,71,205,215,246,0.13733075435203096,0.6765676567656765,0.4158607350096712,0.8118811881188119,517,303
datasets/kaggle_foreign/images/Cars285.png,images_resized/Cars285.png,datasets/kaggle_foreign/annotations/Cars285.xml,licence,91,111,163,134,0.2275,0.4157303370786517,0.4075,0.50187265917603,400,267
datasets/kaggle_foreign/images/Cars252.png,images_resized/Cars252.png,datasets/kaggle_foreign/annotations/Cars252.xml,licence,174,237,314,274,0.348,0.6236842105263158,0.628,0.7210526315789474,500,380
datasets/kaggle_foreign/images/Cars246.png,images_resized/Cars246.png,datasets/kaggle_foreign/annotations/Cars246.xml,licence,49,163,112,193,0.1225,0.6104868913857678,0.28,0.7228464419475655,400,267
datasets/kaggle_foreign/images/Cars12.png,images_resized/Cars12.png,datasets/kaggle_foreign/annotations/Cars12.xml,licence,122,82,277,117,0.305,0.5815602836879432,0.6925,0.8297872340425532,400,141
datasets/kaggle_foreign/images/Cars118.png,images_resized/Cars118.png,datasets/kaggle_foreign/annotations/Cars118.xml,licence,193,165,394,217,0.32166666666666666,0.44,0.6566666666666666,0.5786666666666667,600,375
datasets/kaggle_foreign/images/Cars9.png,images_resized/Cars9.png,datasets/kaggle_foreign/annotations/Cars9.xml,licence,164,224,272,247,0.37104072398190047,0.6726726726726727,0.6153846153846154,0.7417417417417418,442,333
datasets/kaggle_foreign/images/Cars124.png,images_resized/Cars124.png,datasets/kaggle_foreign/annotations/Cars124.xml,licence,305,256,320,267,0.7625,0.9588014981273408,0.8,1.0,400,267
datasets/kaggle_foreign/images/Cars130.png,images_resized/Cars130.png,datasets/kaggle_foreign/annotations/Cars130.xml,licence,91,110,166,140,0.2275,0.41198501872659177,0.415,0.5243445692883895,400,267
datasets/kaggle_foreign/images/Cars326.png,images_resized/Cars326.png,datasets/kaggle_foreign/annotations/Cars326.xml,licence,141,198,252,230,0.3525,0.66,0.63,0.7666666666666667,400,300
datasets/kaggle_foreign/images/Cars332.png,images_resized/Cars332.png,datasets/kaggle_foreign/annotations/Cars332.xml,licence,143,126,260,159,0.3575,0.56,0.65,0.7066666666666667,400,225
datasets/kaggle_foreign/images/Cars333.png,images_resized/Cars333.png,datasets/kaggle_foreign/annotations/Cars333.xml,licence,117,157,270,191,0.2925,0.5880149812734082,0.675,0.7153558052434457,400,267
datasets/kaggle_foreign/images/Cars327.png,images_resized/Cars327.png,datasets/kaggle_foreign/annotations/Cars327.xml,licence,138,126,262,155,0.345,0.5080645161290323,0.655,0.625,400,248
datasets/kaggle_foreign/images/Cars131.png,images_resized/Cars131.png,datasets/kaggle_foreign/annotations/Cars131.xml,licence,19,29,497,245,0.038,0.09666666666666666,0.994,0.8166666666666667,500,300
datasets/kaggle_foreign/images/Cars125.png,images_resized/Cars125.png,datasets/kaggle_foreign/annotations/Cars125.xml,licence,280,196,355,257,0.7,0.7538461538461538,0.8875,0.9884615384615385,400,260
datasets/kaggle_foreign/images/Cars8.png,images_resized/Cars8.png,datasets/kaggle_foreign/annotations/Cars8.xml,licence,204,104,304,134,0.408,0.4482758620689655,0.608,0.5775862068965517,500,232
datasets/kaggle_foreign/images/Cars119.png,images_resized/Cars119.png,datasets/kaggle_foreign/annotations/Cars119.xml,licence,187,140,217,153,0.4675,0.5668016194331984,0.5425,0.6194331983805668,400,247
datasets/kaggle_foreign/images/Cars13.png,images_resized/Cars13.png,datasets/kaggle_foreign/annotations/Cars13.xml,licence,191,147,242,169,0.4775,0.5485074626865671,0.605,0.6305970149253731,400,268
datasets/kaggle_foreign/images/Cars247.png,images_resized/Cars247.png,datasets/kaggle_foreign/annotations/Cars247.xml,licence,147,11,300,149,0.3675,0.04888888888888889,0.75,0.6622222222222223,400,225
datasets/kaggle_foreign/images/Cars253.png,images_resized/Cars253.png,datasets/kaggle_foreign/annotations/Cars253.xml,licence,25,124,64,137,0.0625,0.5904761904761905,0.16,0.6523809523809524,400,210
datasets/kaggle_foreign/images/Cars284.png,images_resized/Cars284.png,datasets/kaggle_foreign/annotations/Cars284.xml,licence,70,199,260,271,0.18666666666666668,0.398,0.6933333333333334,0.542,375,500
datasets/kaggle_foreign/images/Cars290.png,images_resized/Cars290.png,datasets/kaggle_foreign/annotations/Cars290.xml,licence,224,84,271,118,0.56,0.3146067415730337,0.6775,0.4419475655430712,400,267
datasets/kaggle_foreign/images/Cars294.png,images_resized/Cars294.png,datasets/kaggle_foreign/annotations/Cars294.xml,licence,142,117,218,135,0.355,0.43820224719101125,0.545,0.5056179775280899,400,267
datasets/kaggle_foreign/images/Cars280.png,images_resized/Cars280.png,datasets/kaggle_foreign/annotations/Cars280.xml,licence,191,185,213,195,0.4775,0.6928838951310862,0.5325,0.7303370786516854,400,267
datasets/kaggle_foreign/images/Cars257.png,images_resized/Cars257.png,datasets/kaggle_foreign/annotations/Cars257.xml,licence,167,132,241,166,0.4175,0.44,0.6025,0.5533333333333333,400,300
datasets/kaggle_foreign/images/Cars243.png,images_resized/Cars243.png,datasets/kaggle_foreign/annotations/Cars243.xml,licence,129,174,465,235,0.215,0.38666666666666666,0.775,0.5222222222222223,600,450
datasets/kaggle_foreign/images/Cars17.png,images_resized/Cars17.png,datasets/kaggle_foreign/annotations/Cars17.xml,licence,306,188,351,205,0.765,0.704119850187266,0.8775,0.7677902621722846,400,267
datasets/kaggle_foreign/images/Cars121.png,images_resized/Cars121.png,datasets/kaggle_foreign/annotations/Cars121.xml,licence,336,192,357,204,0.84,0.64,0.8925,0.68,400,300
datasets/kaggle_foreign/images/Cars135.png,images_resized/Cars135.png,datasets/kaggle_foreign/annotations/Cars135.xml,licence,260,184,319,211,0.65,0.8177777777777778,0.7975,0.9377777777777778,400,225
datasets/kaggle_foreign/images/Cars109.png,images_resized/Cars109.png,datasets/kaggle_foreign/annotations/Cars109.xml,licence,115,116,278,153,0.2875,0.4344569288389513,0.695,0.5730337078651685,400,267
datasets/kaggle_foreign/images/Cars323.png,images_resized/Cars323.png,datasets/kaggle_foreign/annotations/Cars323.xml,licence,123,28,279,65,0.3075,0.12444444444444444,0.6975,0.28888888888888886,400,225
datasets/kaggle_foreign/images/Cars337.png,images_resized/Cars337.png,datasets/kaggle_foreign/annotations/Cars337.xml,licence,119,131,136,154,0.2975,0.43666666666666665,0.34,0.5133333333333333,400,300
datasets/kaggle_foreign/images/Cars336.png,images_resized/Cars336.png,datasets/kaggle_foreign/annotations/Cars336.xml,licence,122,195,265,234,0.305,0.65,0.6625,0.78,400,300
datasets/kaggle_foreign/images/Cars322.png,images_resized/Cars322.png,datasets/kaggle_foreign/annotations/Cars322.xml,licence,274,257,350,297,0.685,0.7259887005649718,0.875,0.8389830508474576,400,354
datasets/kaggle_foreign/images/Cars108.png,images_resized/Cars108.png,datasets/kaggle_foreign/annotations/Cars108.xml,licence,158,216,277,248,0.3574660633484163,0.6486486486486487,0.6266968325791855,0.7447447447447447,442,333
datasets/kaggle_foreign/images/Cars134.png,images_resized/Cars134.png,datasets/kaggle_foreign/annotations/Cars134.xml,licence,76,151,133,174,0.19,0.5655430711610487,0.3325,0.651685393258427,400,267
datasets/kaggle_foreign/images/Cars120.png,images_resized/Cars120.png,datasets/kaggle_foreign/annotations/Cars120.xml,licence,159,178,250,200,0.3975,0.6716981132075471,0.625,0.7547169811320755,400,265
datasets/kaggle_foreign/images/Cars16.png,images_resized/Cars16.png,datasets/kaggle_foreign/annotations/Cars16.xml,licence,36,175,62,186,0.09,0.7918552036199095,0.155,0.8416289592760181,400,221
datasets/kaggle_foreign/images/Cars242.png,images_resized/Cars242.png,datasets/kaggle_foreign/annotations/Cars242.xml,licence,224,170,277,199,0.56,0.425,0.6925,0.4975,400,400
datasets/kaggle_foreign/images/Cars256.png,images_resized/Cars256.png,datasets/kaggle_foreign/annotations/Cars256.xml,licence,286,175,400,212,0.715,0.7142857142857143,1.0,0.8653061224489796,400,245
datasets/kaggle_foreign/images/Cars281.png,images_resized/Cars281.png,datasets/kaggle_foreign/annotations/Cars281.xml,licence,151,169,243,183,0.3775,0.6842105263157895,0.6075,0.7408906882591093,400,247
datasets/kaggle_foreign/images/Cars295.png,images_resized/Cars295.png,datasets/kaggle_foreign/annotations/Cars295.xml,licence,52,170,73,182,0.13,0.6640625,0.1825,0.7109375,400,256
datasets/kaggle_foreign/images/Cars295.png,images_resized/Cars295.png,datasets/kaggle_foreign/annotations/Cars295.xml,licence,237,143,271,162,0.5925,0.55859375,0.6775,0.6328125,400,256
datasets/kaggle_foreign/images/Cars283.png,images_resized/Cars283.png,datasets/kaggle_foreign/annotations/Cars283.xml,licence,51,189,79,201,0.1275,0.9219512195121952,0.1975,0.9804878048780488,400,205
datasets/kaggle_foreign/images/Cars283.png,images_resized/Cars283.png,datasets/kaggle_foreign/annotations/Cars283.xml,licence,137,171,157,178,0.3425,0.8341463414634146,0.3925,0.8682926829268293,400,205
datasets/kaggle_foreign/images/Cars297.png,images_resized/Cars297.png,datasets/kaggle_foreign/annotations/Cars297.xml,licence,158,149,247,170,0.395,0.6394849785407726,0.6175,0.7296137339055794,400,233
datasets/kaggle_foreign/images/Cars240.png,images_resized/Cars240.png,datasets/kaggle_foreign/annotations/Cars240.xml,licence,171,116,232,132,0.4275,0.5155555555555555,0.58,0.5866666666666667,400,225
datasets/kaggle_foreign/images/Cars254.png,images_resized/Cars254.png,datasets/kaggle_foreign/annotations/Cars254.xml,licence,166,175,235,207,0.415,0.4768392370572207,0.5875,0.5640326975476839,400,367
datasets/kaggle_foreign/images/Cars268.png,images_resized/Cars268.png,datasets/kaggle_foreign/annotations/Cars268.xml,licence,213,133,271,168,0.71,0.5911111111111111,0.9033333333333333,0.7466666666666667,300,225
datasets/kaggle_foreign/images/Cars28.png,images_resized/Cars28.png,datasets/kaggle_foreign/annotations/Cars28.xml,licence,541,366,598,384,0.9016666666666666,0.8611764705882353,0.9966666666666667,0.9035294117647059,600,425
datasets/kaggle_foreign/images/Cars14.png,images_resized/Cars14.png,datasets/kaggle_foreign/annotations/Cars14.xml,licence,94,118,274,163,0.235,0.5244444444444445,0.685,0.7244444444444444,400,225
datasets/kaggle_foreign/images/Cars136.png,images_resized/Cars136.png,datasets/kaggle_foreign/annotations/Cars136.xml,licence,164,104,245,119,0.41,0.3895131086142322,0.6125,0.44569288389513106,400,267
datasets/kaggle_foreign/images/Cars122.png,images_resized/Cars122.png,datasets/kaggle_foreign/annotations/Cars122.xml,licence,195,147,254,169,0.4875,0.49,0.635,0.5633333333333334,400,300
datasets/kaggle_foreign/images/Cars334.png,images_resized/Cars334.png,datasets/kaggle_foreign/annotations/Cars334.xml,licence,155,146,211,162,0.3875,0.7156862745098039,0.5275,0.7941176470588235,400,204
datasets/kaggle_foreign/images/Cars320.png,images_resized/Cars320.png,datasets/kaggle_foreign/annotations/Cars320.xml,licence,99,225,257,266,0.264,0.45,0.6853333333333333,0.532,375,500
datasets/kaggle_foreign/images/Cars308.png,images_resized/Cars308.png,datasets/kaggle_foreign/annotations/Cars308.xml,licence,159,221,237,241,0.3975,0.7366666666666667,0.5925,0.8033333333333333,400,300
datasets/kaggle_foreign/images/Cars309.png,images_resized/Cars309.png,datasets/kaggle_foreign/annotations/Cars309.xml,licence,152,122,252,207,0.38,0.5422222222222223,0.63,0.92,400,225
datasets/kaggle_foreign/images/Cars321.png,images_resized/Cars321.png,datasets/kaggle_foreign/annotations/Cars321.xml,licence,134,235,169,246,0.44518272425249167,0.5875,0.5614617940199336,0.615,301,400
datasets/kaggle_foreign/images/Cars335.png,images_resized/Cars335.png,datasets/kaggle_foreign/annotations/Cars335.xml,licence,156,163,221,198,0.39097744360902253,0.4075,0.5538847117794486,0.495,399,400
datasets/kaggle_foreign/images/Cars123.png,images_resized/Cars123.png,datasets/kaggle_foreign/annotations/Cars123.xml,licence,159,221,237,242,0.3975,0.7366666666666667,0.5925,0.8066666666666666,400,300
datasets/kaggle_foreign/images/Cars137.png,images_resized/Cars137.png,datasets/kaggle_foreign/annotations/Cars137.xml,licence,178,181,204,191,0.445,0.6779026217228464,0.51,0.7153558052434457,400,267
datasets/kaggle_foreign/images/Cars15.png,images_resized/Cars15.png,datasets/kaggle_foreign/annotations/Cars15.xml,licence,310,146,372,171,0.775,0.5468164794007491,0.93,0.6404494382022472,400,267
datasets/kaggle_foreign/images/Cars29.png,images_resized/Cars29.png,datasets/kaggle_foreign/annotations/Cars29.xml,licence,143,171,211,208,0.3575,0.5719063545150501,0.5275,0.6956521739130435,400,299
datasets/kaggle_foreign/images/Cars269.png,images_resized/Cars269.png,datasets/kaggle_foreign/annotations/Cars269.xml,licence,110,199,147,217,0.275,0.6633333333333333,0.3675,0.7233333333333334,400,300
datasets/kaggle_foreign/images/Cars255.png,images_resized/Cars255.png,datasets/kaggle_foreign/annotations/Cars255.xml,licence,116,156,273,188,0.29,0.5842696629213483,0.6825,0.704119850187266,400,267
datasets/kaggle_foreign/images/Cars241.png,images_resized/Cars241.png,datasets/kaggle_foreign/annotations/Cars241.xml,licence,126,142,241,199,0.315,0.5318352059925093,0.6025,0.7453183520599251,400,267
datasets/kaggle_foreign/images/Cars296.png,images_resized/Cars296.png,datasets/kaggle_foreign/annotations/Cars296.xml,licence,163,158,234,196,0.4075,0.4968553459119497,0.585,0.6163522012578616,400,318
datasets/kaggle_foreign/images/Cars282.png,images_resized/Cars282.png,datasets/kaggle_foreign/annotations/Cars282.xml,licence,37,145,319,203,0.10571428571428572,0.5513307984790875,0.9114285714285715,0.7718631178707225,350,263
datasets/kaggle_foreign/images/Cars226.png,images_resized/Cars226.png,datasets/kaggle_foreign/annotations/Cars226.xml,licence,249,194,318,213,0.6225,0.7265917602996255,0.795,0.797752808988764,400,267
datasets/kaggle_foreign/images/Cars232.png,images_resized/Cars232.png,datasets/kaggle_foreign/annotations/Cars232.xml,licence,175,174,228,201,0.4375,0.58,0.57,0.67,400,300
datasets/kaggle_foreign/images/Cars72.png,images_resized/Cars72.png,datasets/kaggle_foreign/annotations/Cars72.xml,licence,156,182,255,208,0.39,0.5481927710843374,0.6375,0.6265060240963856,400,332
datasets/kaggle_foreign/images/Cars66.png,images_resized/Cars66.png,datasets/kaggle_foreign/annotations/Cars66.xml,licence,144,170,211,202,0.36,0.568561872909699,0.5275,0.6755852842809364,400,299
datasets/kaggle_foreign/images/Cars193.png,images_resized/Cars193.png,datasets/kaggle_foreign/annotations/Cars193.xml,licence,306,193,344,214,0.765,0.7228464419475655,0.86,0.8014981273408239,400,267
datasets/kaggle_foreign/images/Cars187.png,images_resized/Cars187.png,datasets/kaggle_foreign/annotations/Cars187.xml,licence,96,116,287,155,0.24,0.5155555555555555,0.7175,0.6888888888888889,400,225
datasets/kaggle_foreign/images/Cars178.png,images_resized/Cars178.png,datasets/kaggle_foreign/annotations/Cars178.xml,licence,126,180,173,205,0.42,0.8071748878923767,0.5766666666666667,0.9192825112107623,300,223
datasets/kaggle_foreign/images/Cars150.png,images_resized/Cars150.png,datasets/kaggle_foreign/annotations/Cars150.xml,licence,122,198,262,232,0.305,0.66,0.655,0.7733333333333333,400,300
datasets/kaggle_foreign/images/Cars144.png,images_resized/Cars144.png,datasets/kaggle_foreign/annotations/Cars144.xml,licence,101,114,215,154,0.315625,0.43846153846153846,0.671875,0.5923076923076923,320,260
datasets/kaggle_foreign/images/Cars99.png,images_resized/Cars99.png,datasets/kaggle_foreign/annotations/Cars99.xml,licence,70,198,262,271,0.18666666666666668,0.396,0.6986666666666667,0.542,375,500
datasets/kaggle_foreign/images/Cars391.png,images_resized/Cars391.png,datasets/kaggle_foreign/annotations/Cars391.xml,licence,270,163,320,190,0.6264501160092807,0.6735537190082644,0.7424593967517401,0.7851239669421488,431,242
datasets/kaggle_foreign/images/Cars385.png,images_resized/Cars385.png,datasets/kaggle_foreign/annotations/Cars385.xml,licence,69,75,310,191,0.1725,0.3,0.775,0.764,400,250
datasets/kaggle_foreign/images/Cars408.png,images_resized/Cars408.png,datasets/kaggle_foreign/annotations/Cars408.xml,licence,160,217,187,228,0.4,0.8127340823970037,0.4675,0.8539325842696629,400,267
datasets/kaggle_foreign/images/Cars352.png,images_resized/Cars352.png,datasets/kaggle_foreign/annotations/Cars352.xml,licence,201,185,217,195,0.67,0.4625,0.7233333333333334,0.4875,300,400
datasets/kaggle_foreign/images/Cars352.png,images_resized/Cars352.png,datasets/kaggle_foreign/annotations/Cars352.xml,licence,77,181,94,191,0.25666666666666665,0.4525,0.31333333333333335,0.4775,300,400
datasets/kaggle_foreign/images/Cars420.png,images_resized/Cars420.png,datasets/kaggle_foreign/annotations/Cars420.xml,licence,112,186,160,211,0.28,0.62,0.4,0.7033333333333334,400,300
datasets/kaggle_foreign/images/Cars346.png,images_resized/Cars346.png,datasets/kaggle_foreign/annotations/Cars346.xml,licence,91,185,197,217,0.2275,0.7520325203252033,0.4925,0.8821138211382114,400,246
datasets/kaggle_foreign/images/Cars421.png,images_resized/Cars421.png,datasets/kaggle_foreign/annotations/Cars421.xml,licence,95,162,127,183,0.2375,0.5418060200668896,0.3175,0.6120401337792643,400,299
datasets/kaggle_foreign/images/Cars347.png,images_resized/Cars347.png,datasets/kaggle_foreign/annotations/Cars347.xml,licence,227,124,252,135,0.5675,0.5904761904761905,0.63,0.6428571428571429,400,210
datasets/kaggle_foreign/images/Cars353.png,images_resized/Cars353.png,datasets/kaggle_foreign/annotations/Cars353.xml,licence,93,189,201,221,0.2325,0.7682926829268293,0.5025,0.8983739837398373,400,246
datasets/kaggle_foreign/images/Cars409.png,images_resized/Cars409.png,datasets/kaggle_foreign/annotations/Cars409.xml,licence,116,146,203,168,0.3625,0.5289855072463768,0.634375,0.6086956521739131,320,276
datasets/kaggle_foreign/images/Cars384.png,images_resized/Cars384.png,datasets/kaggle_foreign/annotations/Cars384.xml,licence,219,194,271,230,0.5475,0.6466666666666666,0.6775,0.7666666666666667,400,300
datasets/kaggle_foreign/images/Cars390.png,images_resized/Cars390.png,datasets/kaggle_foreign/annotations/Cars390.xml,licence,360,118,397,136,0.9,0.3933333333333333,0.9925,0.4533333333333333,400,300
datasets/kaggle_foreign/images/Cars390.png,images_resized/Cars390.png,datasets/kaggle_foreign/annotations/Cars390.xml,licence,6,144,49,162,0.015,0.48,0.1225,0.54,400,300
datasets/kaggle_foreign/images/Cars98.png,images_resized/Cars98.png,datasets/kaggle_foreign/annotations/Cars98.xml,licence,85,196,247,259,0.22972972972972974,0.49,0.6675675675675675,0.6475,370,400
datasets/kaggle_foreign/images/Cars145.png,images_resized/Cars145.png,datasets/kaggle_foreign/annotations/Cars145.xml,licence,282,236,422,283,0.6482758620689655,0.8137931034482758,0.9701149425287356,0.9758620689655172,435,290
datasets/kaggle_foreign/images/Cars151.png,images_resized/Cars151.png,datasets/kaggle_foreign/annotations/Cars151.xml,licence,54,135,120,178,0.135,0.5578512396694215,0.3,0.7355371900826446,400,242
datasets/kaggle_foreign/images/Cars179.png,images_resized/Cars179.png,datasets/kaggle_foreign/annotations/Cars179.xml,licence,72,160,132,197,0.18,0.599250936329588,0.33,0.7378277153558053,400,267
datasets/kaggle_foreign/images/Cars186.png,images_resized/Cars186.png,datasets/kaggle_foreign/annotations/Cars186.xml,licence,175,152,242,175,0.4375,0.6608695652173913,0.605,0.7608695652173914,400,230
datasets/kaggle_foreign/images/Cars192.png,images_resized/Cars192.png,datasets/kaggle_foreign/annotations/Cars192.xml,licence,108,150,211,173,0.33436532507739936,0.6607929515418502,0.653250773993808,0.762114537444934,323,227
datasets/kaggle_foreign/images/Cars67.png,images_resized/Cars67.png,datasets/kaggle_foreign/annotations/Cars67.xml,licence,189,223,328,248,0.34177215189873417,0.8109090909090909,0.593128390596745,0.9018181818181819,553,275
datasets/kaggle_foreign/images/Cars73.png,images_resized/Cars73.png,datasets/kaggle_foreign/annotations/Cars73.xml,licence,119,22,283,69,0.2975,0.09777777777777778,0.7075,0.30666666666666664,400,225
datasets/kaggle_foreign/images/Cars233.png,images_resized/Cars233.png,datasets/kaggle_foreign/annotations/Cars233.xml,licence,189,55,259,78,0.4725,0.36423841059602646,0.6475,0.5165562913907285,400,151
datasets/kaggle_foreign/images/Cars227.png,images_resized/Cars227.png,datasets/kaggle_foreign/annotations/Cars227.xml,licence,118,199,153,211,0.295,0.7453183520599251,0.3825,0.7902621722846442,400,267
datasets/kaggle_foreign/images/Cars219.png,images_resized/Cars219.png,datasets/kaggle_foreign/annotations/Cars219.xml,licence,127,172,462,236,0.21166666666666667,0.38222222222222224,0.77,0.5244444444444445,600,450
datasets/kaggle_foreign/images/Cars231.png,images_resized/Cars231.png,datasets/kaggle_foreign/annotations/Cars231.xml,licence,64,160,133,180,0.16,0.599250936329588,0.3325,0.6741573033707865,400,267
datasets/kaggle_foreign/images/Cars225.png,images_resized/Cars225.png,datasets/kaggle_foreign/annotations/Cars225.xml,licence,189,161,384,215,0.315,0.42933333333333334,0.64,0.5733333333333334,600,375
datasets/kaggle_foreign/images/Cars65.png,images_resized/Cars65.png,datasets/kaggle_foreign/annotations/Cars65.xml,licence,207,200,300,260,0.39807692307692305,0.4716981132075472,0.5769230769230769,0.6132075471698113,520,424
datasets/kaggle_foreign/images/Cars71.png,images_resized/Cars71.png,datasets/kaggle_foreign/annotations/Cars71.xml,licence,254,144,284,152,0.635,0.64,0.71,0.6755555555555556,400,225
datasets/kaggle_foreign/images/Cars71.png,images_resized/Cars71.png,datasets/kaggle_foreign/annotations/Cars71.xml,licence,86,150,125,161,0.215,0.6666666666666666,0.3125,0.7155555555555555,400,225
datasets/kaggle_foreign/images/Cars184.png,images_resized/Cars184.png,datasets/kaggle_foreign/annotations/Cars184.xml,licence,163,146,212,159,0.4075,0.6488888888888888,0.53,0.7066666666666667,400,225
datasets/kaggle_foreign/images/Cars59.png,images_resized/Cars59.png,datasets/kaggle_foreign/annotations/Cars59.xml,licence,324,162,375,175,0.81,0.54,0.9375,0.5833333333333334,400,300
datasets/kaggle_foreign/images/Cars190.png,images_resized/Cars190.png,datasets/kaggle_foreign/annotations/Cars190.xml,licence,149,210,245,235,0.3725,0.7,0.6125,0.7833333333333333,400,300
datasets/kaggle_foreign/images/Cars147.png,images_resized/Cars147.png,datasets/kaggle_foreign/annotations/Cars147.xml,licence,226,125,420,169,0.452,0.4664179104477612,0.84,0.6305970149253731,500,268
datasets/kaggle_foreign/images/Cars153.png,images_resized/Cars153.png,datasets/kaggle_foreign/annotations/Cars153.xml,licence,146,118,311,170,0.3099787685774947,0.43703703703703706,0.6602972399150743,0.6296296296296297,471,270
datasets/kaggle_foreign/images/Cars386.png,images_resized/Cars386.png,datasets/kaggle_foreign/annotations/Cars386.xml,licence,83,307,221,368,0.13833333333333334,0.6822222222222222,0.36833333333333335,0.8177777777777778,600,450
datasets/kaggle_foreign/images/Cars392.png,images_resized/Cars392.png,datasets/kaggle_foreign/annotations/Cars392.xml,licence,144,150,260,209,0.36,0.5725190839694656,0.65,0.7977099236641222,400,262
datasets/kaggle_foreign/images/Cars379.png,images_resized/Cars379.png,datasets/kaggle_foreign/annotations/Cars379.xml,licence,197,197,351,245,0.4925,0.5580736543909348,0.8775,0.6940509915014165,400,353
datasets/kaggle_foreign/images/Cars345.png,images_resized/Cars345.png,datasets/kaggle_foreign/annotations/Cars345.xml,licence,173,143,247,182,0.4325,0.4782608695652174,0.6175,0.6086956521739131,400,299
datasets/kaggle_foreign/images/Cars423.png,images_resized/Cars423.png,datasets/kaggle_foreign/annotations/Cars423.xml,licence,162,159,283,183,0.405,0.636,0.7075,0.732,400,250
datasets/kaggle_foreign/images/Cars351.png,images_resized/Cars351.png,datasets/kaggle_foreign/annotations/Cars351.xml,licence,249,48,368,129,0.6225,0.21333333333333335,0.92,0.5733333333333334,400,225
datasets/kaggle_foreign/images/Cars350.png,images_resized/Cars350.png,datasets/kaggle_foreign/annotations/Cars350.xml,licence,162,179,211,188,0.405,0.667910447761194,0.5275,0.7014925373134329,400,268
datasets/kaggle_foreign/images/Cars344.png,images_resized/Cars344.png,datasets/kaggle_foreign/annotations/Cars344.xml,licence,240,158,379,217,0.5333333333333333,0.5284280936454849,0.8422222222222222,0.725752508361204,450,299
datasets/kaggle_foreign/images/Cars422.png,images_resized/Cars422.png,datasets/kaggle_foreign/annotations/Cars422.xml,licence,159,126,296,182,0.265,0.3727810650887574,0.49333333333333335,0.5384615384615384,600,338
datasets/kaggle_foreign/images/Cars378.png,images_resized/Cars378.png,datasets/kaggle_foreign/annotations/Cars378.xml,licence,118,92,254,137,0.295,0.2996742671009772,0.635,0.44625407166123776,400,307
datasets/kaggle_foreign/images/Cars393.png,images_resized/Cars393.png,datasets/kaggle_foreign/annotations/Cars393.xml,licence,94,171,211,208,0.235,0.7844036697247706,0.5275,0.9541284403669725,400,218
datasets/kaggle_foreign/images/Cars387.png,images_resized/Cars387.png,datasets/kaggle_foreign/annotations/Cars387.xml,licence,163,187,256,225,0.37906976744186044,0.6538461538461539,0.5953488372093023,0.7867132867132867,430,286
datasets/kaggle_foreign/images/Cars152.png,images_resized/Cars152.png,datasets/kaggle_foreign/annotations/Cars152.xml,licence,92,258,199,284,0.19700214132762311,0.86,0.4261241970021413,0.9466666666666667,467,300
datasets/kaggle_foreign/images/Cars146.png,images_resized/Cars146.png,datasets/kaggle_foreign/annotations/Cars146.xml,licence,143,263,170,271,0.3575,0.8766666666666667,0.425,0.9033333333333333,400,300
datasets/kaggle_foreign/images/Cars146.png,images_resized/Cars146.png,datasets/kaggle_foreign/annotations/Cars146.xml,licence,254,238,280,247,0.635,0.7933333333333333,0.7,0.8233333333333334,400,300
datasets/kaggle_foreign/images/Cars146.png,images_resized/Cars146.png,datasets/kaggle_foreign/annotations/Cars146.xml,licence,54,189,78,196,0.135,0.63,0.195,0.6533333333333333,400,300
datasets/kaggle_foreign/images/Cars146.png,images_resized/Cars146.png,datasets/kaggle_foreign/annotations/Cars146.xml,licence,111,194,129,204,0.2775,0.6466666666666666,0.3225,0.68,400,300
datasets/kaggle_foreign/images/Cars191.png,images_resized/Cars191.png,datasets/kaggle_foreign/annotations/Cars191.xml,licence,96,189,199,217,0.24,0.7682926829268293,0.4975,0.8821138211382114,400,246
datasets/kaggle_foreign/images/Cars58.png,images_resized/Cars58.png,datasets/kaggle_foreign/annotations/Cars58.xml,licence,154,166,241,187,0.385,0.6720647773279352,0.6025,0.757085020242915,400,247
datasets/kaggle_foreign/images/Cars185.png,images_resized/Cars185.png,datasets/kaggle_foreign/annotations/Cars185.xml,licence,154,147,293,194,0.385,0.550561797752809,0.7325,0.7265917602996255,400,267
datasets/kaggle_foreign/images/Cars70.png,images_resized/Cars70.png,datasets/kaggle_foreign/annotations/Cars70.xml,licence,179,115,213,133,0.4475,0.5088495575221239,0.5325,0.588495575221239,400,226
datasets/kaggle_foreign/images/Cars64.png,images_resized/Cars64.png,datasets/kaggle_foreign/annotations/Cars64.xml,licence,120,187,325,220,0.3,0.700374531835206,0.8125,0.8239700374531835,400,267
datasets/kaggle_foreign/images/Cars224.png,images_resized/Cars224.png,datasets/kaggle_foreign/annotations/Cars224.xml,licence,181,250,243,275,0.3770833333333333,0.6944444444444444,0.50625,0.7638888888888888,480,360
datasets/kaggle_foreign/images/Cars230.png,images_resized/Cars230.png,datasets/kaggle_foreign/annotations/Cars230.xml,licence,222,173,361,202,0.376271186440678,0.4942857142857143,0.611864406779661,0.5771428571428572,590,350
datasets/kaggle_foreign/images/Cars218.png,images_resized/Cars218.png,datasets/kaggle_foreign/annotations/Cars218.xml,licence,0,166,27,188,0.0,0.6561264822134387,0.0675,0.7430830039525692,400,253
datasets/kaggle_foreign/images/Cars234.png,images_resized/Cars234.png,datasets/kaggle_foreign/annotations/Cars234.xml,licence,160,149,246,171,0.4,0.6394849785407726,0.615,0.7339055793991416,400,233
datasets/kaggle_foreign/images/Cars220.png,images_resized/Cars220.png,datasets/kaggle_foreign/annotations/Cars220.xml,licence,142,168,188,182,0.355,0.6339622641509434,0.47,0.6867924528301886,400,265
datasets/kaggle_foreign/images/Cars208.png,images_resized/Cars208.png,datasets/kaggle_foreign/annotations/Cars208.xml,licence,142,123,232,169,0.355,0.458955223880597,0.58,0.6305970149253731,400,268
datasets/kaggle_foreign/images/Cars181.png,images_resized/Cars181.png,datasets/kaggle_foreign/annotations/Cars181.xml,licence,69,195,128,209,0.30666666666666664,0.4875,0.5688888888888889,0.5225,225,400
datasets/kaggle_foreign/images/Cars48.png,images_resized/Cars48.png,datasets/kaggle_foreign/annotations/Cars48.xml,licence,95,117,286,155,0.2375,0.52,0.715,0.6888888888888889,400,225
datasets/kaggle_foreign/images/Cars195.png,images_resized/Cars195.png,datasets/kaggle_foreign/annotations/Cars195.xml,licence,450,223,526,244,0.7692307692307693,0.6737160120845922,0.8991452991452992,0.7371601208459214,585,331
datasets/kaggle_foreign/images/Cars60.png,images_resized/Cars60.png,datasets/kaggle_foreign/annotations/Cars60.xml,licence,45,98,364,159,0.1125,0.32666666666666666,0.91,0.53,400,300
datasets/kaggle_foreign/images/Cars74.png,images_resized/Cars74.png,datasets/kaggle_foreign/annotations/Cars74.xml,licence,115,115,277,153,0.2875,0.4307116104868914,0.6925,0.5730337078651685,400,267
datasets/kaggle_foreign/images/Cars142.png,images_resized/Cars142.png,datasets/kaggle_foreign/annotations/Cars142.xml,licence,178,124,273,144,0.445,0.6262626262626263,0.6825,0.7272727272727273,400,198
datasets/kaggle_foreign/images/Cars156.png,images_resized/Cars156.png,datasets/kaggle_foreign/annotations/Cars156.xml,licence,114,78,230,102,0.285,0.39,0.575,0.51,400,200
datasets/kaggle_foreign/images/Cars383.png,images_resized/Cars383.png,datasets/kaggle_foreign/annotations/Cars383.xml,licence,54,216,88,228,0.135,0.8089887640449438,0.22,0.8539325842696629,400,267
datasets/kaggle_foreign/images/Cars397.png,images_resized/Cars397.png,datasets/kaggle_foreign/annotations/Cars397.xml,licence,144,169,216,212,0.36,0.5652173913043478,0.54,0.7090301003344481,400,299
datasets/kaggle_foreign/images/Cars426.png,images_resized/Cars426.png,datasets/kaggle_foreign/annotations/Cars426.xml,licence,148,206,282,238,0.37,0.6866666666666666,0.705,0.7933333333333333,400,300
datasets/kaggle_foreign/images/Cars340.png,images_resized/Cars340.png,datasets/kaggle_foreign/annotations/Cars340.xml,licence,270,126,321,143,0.675,0.63,0.8025,0.715,400,200
datasets/kaggle_foreign/images/Cars354.png,images_resized/Cars354.png,datasets/kaggle_foreign/annotations/Cars354.xml,licence,65,202,102,222,0.1625,0.7565543071161048,0.255,0.8314606741573034,400,267
datasets/kaggle_foreign/images/Cars432.png,images_resized/Cars432.png,datasets/kaggle_foreign/annotations/Cars432.xml,licence,95,258,196,284,0.20342612419700215,0.86,0.4197002141327623,0.9466666666666667,467,300
datasets/kaggle_foreign/images/Cars368.png,images_resized/Cars368.png,datasets/kaggle_foreign/annotations/Cars368.xml,licence,173,173,223,203,0.4325,0.5766666666666667,0.5575,0.6766666666666666,400,300
datasets/kaggle_foreign/images/Cars369.png,images_resized/Cars369.png,datasets/kaggle_foreign/annotations/Cars369.xml,licence,176,253,325,280,0.352,0.6325,0.65,0.7,500,400
datasets/kaggle_foreign/images/Cars355.png,images_resized/Cars355.png,datasets/kaggle_foreign/annotations/Cars355.xml,licence,164,154,239,190,0.41,0.5789473684210527,0.5975,0.7142857142857143,400,266
datasets/kaggle_foreign/images/Cars427.png,images_resized/Cars427.png,datasets/kaggle_foreign/annotations/Cars427.xml,licence,236,193,375,228,0.3933333333333333,0.4288888888888889,0.625,0.5066666666666667,600,450
datasets/kaggle_foreign/images/Cars341.png,images_resized/Cars341.png,datasets/kaggle_foreign/annotations/Cars341.xml,licence,47,161,115,192,0.1175,0.602996254681648,0.2875,0.7191011235955056,400,267
datasets/kaggle_foreign/images/Cars396.png,images_resized/Cars396.png,datasets/kaggle_foreign/annotations/Cars396.xml,licence,181,264,269,289,0.6418439716312057,0.66,0.9539007092198581,0.7225,282,400
datasets/kaggle_foreign/images/Cars382.png,images_resized/Cars382.png,datasets/kaggle_foreign/annotations/Cars382.xml,licence,149,206,285,240,0.3725,0.6866666666666666,0.7125,0.8,400,300
datasets/kaggle_foreign/images/Cars157.png,images_resized/Cars157.png,datasets/kaggle_foreign/annotations/Cars157.xml,licence,330,152,366,179,0.825,0.5692883895131086,0.915,0.6704119850187266,400,267
datasets/kaggle_foreign/images/Cars143.png,images_resized/Cars143.png,datasets/kaggle_foreign/annotations/Cars143.xml,licence,93,196,130,207,0.2325,0.7340823970037453,0.325,0.7752808988764045,400,267
datasets/kaggle_foreign/images/Cars143.png,images_resized/Cars143.png,datasets/kaggle_foreign/annotations/Cars143.xml,licence,316,195,349,205,0.79,0.7303370786516854,0.8725,0.7677902621722846,400,267
datasets/kaggle_foreign/images/Cars75.png,images_resized/Cars75.png,datasets/kaggle_foreign/annotations/Cars75.xml,licence,209,196,218,201,0.5225,0.7903225806451613,0.545,0.8104838709677419,400,248
datasets/kaggle_foreign/images/Cars61.png,images_resized/Cars61.png,datasets/kaggle_foreign/annotations/Cars61.xml,licence,71,124,198,231,0.1775,0.41333333333333333,0.495,0.77,400,300
datasets/kaggle_foreign/images/Cars194.png,images_resized/Cars194.png,datasets/kaggle_foreign/annotations/Cars194.xml,licence,267,170,316,183,0.6675,0.6390977443609023,0.79,0.6879699248120301,400,266
datasets/kaggle_foreign/images/Cars49.png,images_resized/Cars49.png,datasets/kaggle_foreign/annotations/Cars49.xml,licence,268,171,314,190,0.67,0.6758893280632411,0.785,0.7509881422924901,400,253
datasets/kaggle_foreign/images/Cars180.png,images_resized/Cars180.png,datasets/kaggle_foreign/annotations/Cars180.xml,licence,151,115,304,187,0.3775,0.38333333333333336,0.76,0.6233333333333333,400,300
datasets/kaggle_foreign/images/Cars209.png,images_resized/Cars209.png,datasets/kaggle_foreign/annotations/Cars209.xml,licence,359,172,387,186,0.8975,0.5733333333333334,0.9675,0.62,400,300
datasets/kaggle_foreign/images/Cars221.png,images_resized/Cars221.png,datasets/kaggle_foreign/annotations/Cars221.xml,licence,102,122,125,135,0.255,0.5422222222222223,0.3125,0.6,400,225
datasets/kaggle_foreign/images/Cars235.png,images_resized/Cars235.png,datasets/kaggle_foreign/annotations/Cars235.xml,licence,152,145,247,167,0.38,0.6444444444444445,0.6175,0.7422222222222222,400,225
datasets/kaggle_foreign/images/Cars223.png,images_resized/Cars223.png,datasets/kaggle_foreign/annotations/Cars223.xml,licence,347,231,407,249,0.5783333333333334,0.5775,0.6783333333333333,0.6225,600,400
datasets/kaggle_foreign/images/Cars237.png,images_resized/Cars237.png,datasets/kaggle_foreign/annotations/Cars237.xml,licence,118,148,154,169,0.5,0.4713375796178344,0.652542372881356,0.5382165605095541,236,314
datasets/kaggle_foreign/images/Cars196.png,images_resized/Cars196.png,datasets/kaggle_foreign/annotations/Cars196.xml,licence,105,128,130,140,0.2625,0.4942084942084942,0.325,0.5405405405405406,400,259
datasets/kaggle_foreign/images/Cars182.png,images_resized/Cars182.png,datasets/kaggle_foreign/annotations/Cars182.xml,licence,168,139,247,159,0.42,0.6177777777777778,0.6175,0.7066666666666667,400,225
datasets/kaggle_foreign/images/Cars77.png,images_resized/Cars77.png,datasets/kaggle_foreign/annotations/Cars77.xml,licence,229,151,309,178,0.5725,0.5592592592592592,0.7725,0.6592592592592592,400,270
datasets/kaggle_foreign/images/Cars63.png,images_resized/Cars63.png,datasets/kaggle_foreign/annotations/Cars63.xml,licence,54,201,91,226,0.135,0.7556390977443609,0.2275,0.849624060150376,400,266
datasets/kaggle_foreign/images/Cars88.png,images_resized/Cars88.png,datasets/kaggle_foreign/annotations/Cars88.xml,licence,168,148,242,171,0.42,0.49333333333333335,0.605,0.57,400,300
datasets/kaggle_foreign/images/Cars155.png,images_resized/Cars155.png,datasets/kaggle_foreign/annotations/Cars155.xml,licence,150,177,203,190,0.375,0.6629213483146067,0.5075,0.7116104868913857,400,267
datasets/kaggle_foreign/images/Cars141.png,images_resized/Cars141.png,datasets/kaggle_foreign/annotations/Cars141.xml,licence,266,169,307,188,0.665,0.6329588014981273,0.7675,0.704119850187266,400,267
datasets/kaggle_foreign/images/Cars169.png,images_resized/Cars169.png,datasets/kaggle_foreign/annotations/Cars169.xml,licence,114,79,229,101,0.285,0.395,0.5725,0.505,400,200
datasets/kaggle_foreign/images/Cars394.png,images_resized/Cars394.png,datasets/kaggle_foreign/annotations/Cars394.xml,licence,291,167,410,190,0.5243243243243243,0.4014423076923077,0.7387387387387387,0.4567307692307692,555,416
datasets/kaggle_foreign/images/Cars380.png,images_resized/Cars380.png,datasets/kaggle_foreign/annotations/Cars380.xml,licence,316,91,364,126,0.79,0.40444444444444444,0.91,0.56,400,225
datasets/kaggle_foreign/images/Cars431.png,images_resized/Cars431.png,datasets/kaggle_foreign/annotations/Cars431.xml,licence,55,82,343,147,0.1375,0.4270833333333333,0.8575,0.765625,400,192
datasets/kaggle_foreign/images/Cars357.png,images_resized/Cars357.png,datasets/kaggle_foreign/annotations/Cars357.xml,licence,92,187,137,207,0.23,0.700374531835206,0.3425,0.7752808988764045,400,267
datasets/kaggle_foreign/images/Cars343.png,images_resized/Cars343.png,datasets/kaggle_foreign/annotations/Cars343.xml,licence,110,186,162,209,0.275,0.62,0.405,0.6966666666666667,400,300
datasets/kaggle_foreign/images/Cars425.png,images_resized/Cars425.png,datasets/kaggle_foreign/annotations/Cars425.xml,licence,211,103,301,132,0.422,0.44396551724137934,0.602,0.5689655172413793,500,232
datasets/kaggle_foreign/images/Cars419.png,images_resized/Cars419.png,datasets/kaggle_foreign/annotations/Cars419.xml,licence,195,196,349,242,0.4875,0.5552407932011332,0.8725,0.6855524079320113,400,353
datasets/kaggle_foreign/images/Cars418.png,images_resized/Cars418.png,datasets/kaggle_foreign/annotations/Cars418.xml,licence,99,70,303,155,0.2475,0.3111111111111111,0.7575,0.6888888888888889,400,225
datasets/kaggle_foreign/images/Cars342.png,images_resized/Cars342.png,datasets/kaggle_foreign/annotations/Cars342.xml,licence,196,148,253,169,0.49,0.49333333333333335,0.6325,0.5633333333333334,400,300
datasets/kaggle_foreign/images/Cars424.png,images_resized/Cars424.png,datasets/kaggle_foreign/annotations/Cars424.xml,licence,128,173,461,242,0.21333333333333335,0.3844444444444444,0.7683333333333333,0.5377777777777778,600,450
datasets/kaggle_foreign/images/Cars430.png,images_resized/Cars430.png,datasets/kaggle_foreign/annotations/Cars430.xml,licence,38,159,116,197,0.095,0.7066666666666667,0.29,0.8755555555555555,400,225
datasets/kaggle_foreign/images/Cars356.png,images_resized/Cars356.png,datasets/kaggle_foreign/annotations/Cars356.xml,licence,241,216,364,275,0.4381818181818182,0.5885558583106267,0.6618181818181819,0.7493188010899182,550,367
datasets/kaggle_foreign/images/Cars381.png,images_resized/Cars381.png,datasets/kaggle_foreign/annotations/Cars381.xml,licence,65,131,147,155,0.1625,0.5822222222222222,0.3675,0.6888888888888889,400,225
datasets/kaggle_foreign/images/Cars395.png,images_resized/Cars395.png,datasets/kaggle_foreign/annotations/Cars395.xml,licence,241,182,288,205,0.6025,0.6046511627906976,0.72,0.6810631229235881,400,301
datasets/kaggle_foreign/images/Cars168.png,images_resized/Cars168.png,datasets/kaggle_foreign/annotations/Cars168.xml,licence,82,95,137,125,0.205,0.4222222222222222,0.3425,0.5555555555555556,400,225
datasets/kaggle_foreign/images/Cars140.png,images_resized/Cars140.png,datasets/kaggle_foreign/annotations/Cars140.xml,licence,283,239,424,286,0.6505747126436782,0.8241379310344827,0.9747126436781609,0.9862068965517241,435,290
datasets/kaggle_foreign/images/Cars154.png,images_resized/Cars154.png,datasets/kaggle_foreign/annotations/Cars154.xml,licence,70,197,264,265,0.18666666666666668,0.394,0.704,0.53,375,500
datasets/kaggle_foreign/images/Cars89.png,images_resized/Cars89.png,datasets/kaggle_foreign/annotations/Cars89.xml,licence,307,206,345,221,0.7675,0.7862595419847328,0.8625,0.8435114503816794,400,262
datasets/kaggle_foreign/images/Cars89.png,images_resized/Cars89.png,datasets/kaggle_foreign/annotations/Cars89.xml,licence,227,222,253,230,0.5675,0.8473282442748091,0.6325,0.8778625954198473,400,262
datasets/kaggle_foreign/images/Cars62.png,images_resized/Cars62.png,datasets/kaggle_foreign/annotations/Cars62.xml,licence,156,110,243,159,0.39,0.36666666666666664,0.6075,0.53,400,300
datasets/kaggle_foreign/images/Cars76.png,images_resized/Cars76.png,datasets/kaggle_foreign/annotations/Cars76.xml,licence,6,114,470,233,0.0125,0.31666666666666665,0.9791666666666666,0.6472222222222223,480,360
datasets/kaggle_foreign/images/Cars183.png,images_resized/Cars183.png,datasets/kaggle_foreign/annotations/Cars183.xml,licence,97,138,234,170,0.16440677966101694,0.3942857142857143,0.39661016949152544,0.4857142857142857,590,350
datasets/kaggle_foreign/images/Cars197.png,images_resized/Cars197.png,datasets/kaggle_foreign/annotations/Cars197.xml,licence,222,176,359,201,0.376271186440678,0.5028571428571429,0.6084745762711864,0.5742857142857143,590,350
datasets/kaggle_foreign/images/Cars236.png,images_resized/Cars236.png,datasets/kaggle_foreign/annotations/Cars236.xml,licence,223,106,250,119,0.5575,0.6022727272727273,0.625,0.6761363636363636,400,176
datasets/kaggle_foreign/images/Cars222.png,images_resized/Cars222.png,datasets/kaggle_foreign/annotations/Cars222.xml,licence,178,158,235,170,0.445,0.6869565217391305,0.5875,0.7391304347826086,400,230
